transaction_id,date,customer_id,product_id,product_name,category,quantity,unit_price,discount,payment_method,city,state,order_status,rating
TXN000001,2026-05-04,C2659,P0010,Gucci Bloom Eau de,Fragrances,2,79.99,0.25,Net Banking,Austin,Texas,Processing,2.74
TXN000002,2026-09-12,C9048,P0061,Hand Blender,Kitchen-Accessories,4,34.99,0.09,Credit Card,Buffalo,New York,Cancelled,3.86
TXN000003,2026-07-16,C5089,P0034,Nescafe Coffee,Groceries,4,-7.99,0.2,Credit Card,Tampa,Florida,Processing,4.82
TXN000004,2026-01-02,C9660,P0001,Essence Mascara Lash Princess,Beauty,1,9.99,0.2,PayPal,Rochester,New York,Delivered,2.56
TXN000005,2026-04-18,C8753,P0024,Fish Steak,Groceries,5,14.99,0.11,PayPal,Houston,Texas,Cancelled,3.78
TXN000006,2026-03-23,C5904,P0015,Wooden Bathroom Sink With Mirror,Furniture,2,799.99,0.07,PayPal,Los Angeles,California,Shipped,3.59
TXN000007,2026-01-07,C3358,P0097,Rolex Datejust,Mens-Watches,5,10999.99,0.03,Net Banking,Rochester,New York,Shipped,3.66
TXN000008,2025-12-21,C4353,P0005,Red Nail Polish,Beauty,2,8.99,0.03,Credit Card,San Diego,California,Cancelled,4.32
TXN000009,2025-12-02,C9038,P0016,Apple,Groceries,3,1.99,0.27,PayPal,Austin,Texas,Delivered,4.19
TXN000010,2025-10-19,C3734,P0080,Huawei Matebook X Pro,Laptops,1,1399.99,0.22,PayPal,Tampa,Florida,Shipped,4.98
TXN000011,2025-11-11,C6791,P0054,Citrus Squeezer Yellow,Kitchen-Accessories,5,8.99,0.2,UPI,Rochester,New York,Delivered,4.63
TXN000012,2026-01-05,C3679,P0029,Juice,Groceries,1,3.99,0.13,Debit Card,Tampa,Florida,Cancelled,3.94
TXN000013,2025-10-14,C1678,P0090,Puma Future Rider Trainers,Mens-Shoes,5,89.99,0.05,UPI,Buffalo,New York,Cancelled,4.9
TXN000014,2026-07-20,C4700,P0096,Rolex Cellini Moonphase,Mens-Watches,4,12999.99,0.14,PayPal,Miami,Florida,Delivered,2.58
TXN000015,2025-11-07,C7491,P0095,Rolex Cellini Date Black Dial,Mens-Watches,1,8999.99,0.04,UPI,San Diego,California,Processing,4.97
TXN000016,2026-08-07,C3906,P0014,Knoll Saarinen Executive Conference Chair,Furniture,2,499.99,0.18,Net Banking,Orlando,Florida,Cancelled,4.88
TXN000017,2026-04-22,C4905,P0100,Apple Airpods,Mobile-Accessories,5,129.99,0.16,PayPal,Buffalo,New York,Cancelled,4.15
TXN000018,2026-07-27,C3845,P0012,Annibale Colombo Sofa,Furniture,2,2499.99,0.21,Debit Card,Houston,Texas,Shipped,3.92
TXN000019,2026-09-09,C7634,P0019,Chicken Meat,,2,9.99,0.18,Credit Card,Buffalo,New York,Shipped,3.19
TXN000020,2026-01-10,C9174,P0049,Black Aluminium Cup,Kitchen-Accessories,2,5.99,0.01,UPI,Rochester,New York,Delivered,4.46
TXN000021,2026-03-02,C7853,P0097,Rolex Datejust,Mens-Watches,5,10999.99,0.22,PayPal,Houston,Texas,Shipped,3.66
TXN000022,2026-07-13,C9333,P0047,Table Lamp,Home-Decoration,3,49.99,0.02,UPI,New York City,New York,Processing,3.55
TXN000023,2026-10-04,C1342,P0018,Cat Food,Groceries,4,8.99,0.12,UPI,Buffalo,New York,Shipped,3.13
TXN000024,2025-11-23,C5662,P0092,Sports Sneakers Off White Red,Mens-Shoes,5,109.99,0.09,Debit Card,New York City,New York,Processing,4.69
TXN000025,2025-10-27,C1438,P0096,Rolex Cellini Moonphase,Mens-Watches,1,12999.99,0.05,Debit Card,Houston,Texas,Processing,2.58
TXN000026,2025-12-12,C3733,P0018,Cat Food,Groceries,3,8.99,0.1,UPI,San Diego,California,Delivered,3.13
TXN000027,2026-03-08,C2566,P0005,Red Nail Polish,Beauty,2,8.99,0.24,Credit Card,Houston,Texas,Processing,4.32
TXN000028,2026-02-14,C9269,P0071,Silver Pot With Glass Cap,Kitchen-Accessories,3,39.99,0.28,Debit Card,Miami,Florida,Cancelled,3.22
TXN000029,2025-10-27,C3412,P0077,Yellow Peeler,Kitchen-Accessories,4,5.99,0.07,UPI,Dallas,Texas,Shipped,4.24
TXN000030,2026-02-26,C1427,P0010,Gucci Bloom Eau de,Fragrances,2,79.99,0.11,Credit Card,San Francisco,California,Shipped,2.74
TXN000031,2026-04-03,C6748,P0079,Asus Zenbook Pro Dual Screen Laptop,Laptops,4,1799.99,0.09,PayPal,Los Angeles,California,Cancelled,3.95
TXN000032,2025-10-05,C2198,P0005,Red Nail Polish,Beauty,4,8.99,0.02,PayPal,Los Angeles,California,Shipped,4.32
TXN000033,2026-07-21,C6177,P0087,Men Check Shirt,Mens-Shirts,1,27.99,0.03,UPI,Miami,Florida,Shipped,2.72
TXN000034,2026-02-19,C5133,P0047,Table Lamp,Home-Decoration,2,49.99,0.06,Credit Card,New York City,New York,Shipped,3.55
TXN000035,2026-04-03,C6387,P0059,Glass,Kitchen-Accessories,5,4.99,0.1,Net Banking,New York City,New York,Shipped,4.02
TXN000036,2026-03-08,C3963,P0052,Carbon Steel Wok,Kitchen-Accessories,1,29.99,0.01,Debit Card,Tampa,Florida,Processing,4.05
TXN000037,2026-01-01,C1937,P0067,Mug Tree Stand,Kitchen-Accessories,4,15.99,0.22,Credit Card,San Diego,California,Shipped,2.64
TXN000038,2025-11-13,C6224,P0013,Bedside Table African Cherry,Furniture,1,299.99,0.2,PayPal,Los Angeles,California,Delivered,2.87
TXN000039,2026-01-28,C1465,P0001,Essence Mascara Lash Princess,Beauty,4,9.99,0.27,Debit Card,Orlando,Florida,Shipped,2.56
TXN000040,2026-06-30,C3522,P0094,Longines Master Collection,Mens-Watches,5,1499.99,0.2,PayPal,Houston,Texas,Processing,3.87
TXN000041,2025-11-18,C8941,P0042,Water,Groceries,2,0.99,0.25,UPI,San Francisco,California,Delivered,4.96
TXN000042,2026-08-12,C6183,P0059,Glass,Kitchen-Accessories,3,4.99,0.07,Credit Card,Houston,Texas,Cancelled,4.02
TXN000043,2026-05-14,C6157,P0004,Red Lipstick,Beauty,2,12.99,0.21,UPI,Tampa,Florida,Delivered,4.36
TXN000044,2026-06-03,C1928,P0055,Egg Slicer,Kitchen-Accessories,4,6.99,0.29,Debit Card,New York City,New York,Shipped,3.09
TXN000045,2026-07-17,C7866,P0041,Tissue Paper Box,Groceries,1,-2.49,0.01,PayPal,Rochester,New York,Cancelled,2.69
TXN000046,2025-11-24,C6515,P0069,Plate,Kitchen-Accessories,1,3.99,0.25,PayPal,Houston,Texas,Delivered,3.65
TXN000047,2026-04-22,C6795,P0078,Apple MacBook Pro 14 Inch Space Grey,Laptops,5,1999.99,0.13,PayPal,San Francisco,California,Cancelled,3.65
TXN000048,2026-04-10,C6898,P0081,Lenovo Yoga 920,Laptops,4,1099.99,0.19,Debit Card,Miami,Florida,Delivered,2.86
TXN000049,2026-02-08,C1388,P0007,Chanel Coco Noir Eau De,Fragrances,4,129.99,0.19,Net Banking,New York City,New York,Delivered,4.26
TXN000050,2025-11-01,C6360,P0089,Nike Baseball Cleats,Mens-Shoes,4,79.99,0.15,Credit Card,Tampa,Florida,Cancelled,3.88
TXN000051,2025-11-01,C4567,P0013,Bedside Table African Cherry,Furniture,1,-299.99,0.01,PayPal,Austin,Texas,Processing,2.87
TXN000052,2026-04-06,C9572,P0060,Grater Black,Kitchen-Accessories,1,10.99,0.14,Net Banking,Buffalo,New York,Shipped,3.21
TXN000053,2026-01-02,C5248,P0074,Spoon,Kitchen-Accessories,3,4.99,0.02,Credit Card,Los Angeles,California,Processing,4.03
TXN000054,2026-01-09,C3301,P0096,Rolex Cellini Moonphase,Mens-Watches,2,12999.99,0.09,Credit Card,Buffalo,New York,Shipped,2.58
TXN000055,2026-06-02,C3967,P0093,Brown Leather Belt Watch,Mens-Watches,2,89.99,0.11,Net Banking,Dallas,Texas,Cancelled,4.19
TXN000056,2026-07-23,C4817,P0037,Red Onions,Groceries,3,1.99,0.26,Net Banking,Austin,Texas,Delivered,4.2
TXN000057,2026-09-20,C9146,P0009,Dolce Shine Eau de,Fragrances,5,69.99,0.07,Net Banking,Rochester,New York,Cancelled,3.96
TXN000058,2026-03-25,C8612,P0084,Gigabyte Aorus Men Tshirt,Mens-Shirts,1,24.99,0.15,UPI,New York City,New York,Processing,3.18
TXN000059,2026-01-21,C3036,P0070,Red Tongs,Kitchen-Accessories,3,6.99,0.24,Net Banking,Miami,Florida,Delivered,4.42
TXN000060,2026-07-09,C2447,P0063,Kitchen Sieve,Kitchen-Accessories,3,7.99,0.03,Net Banking,Houston,Texas,Cancelled,3.09
TXN000061,2026-07-30,C4318,P0016,Apple,Groceries,3,1.99,0.06,PayPal,Buffalo,New York,Shipped,4.19
TXN000062,2026-01-19,C6155,P0040,Strawberry,Groceries,2,3.99,0.15,Debit Card,Austin,Texas,Cancelled,3.08
TXN000063,2026-06-07,C1679,P0050,Black Whisk,Kitchen-Accessories,3,9.99,0.01,Debit Card,Rochester,New York,Shipped,3.9
TXN000064,2026-07-16,C7717,P0061,Hand Blender,Kitchen-Accessories,5,34.99,0.13,Credit Card,Houston,Texas,Cancelled,3.86
TXN000065,2026-10-04,C5948,P0014,Knoll Saarinen Executive Conference Chair,,4,499.99,0.08,Debit Card,Los Angeles,California,Shipped,4.88
TXN000066,2025-10-25,C2046,P0028,Ice Cream,Groceries,1,5.49,0.03,PayPal,Los Angeles,California,Shipped,3.39
TXN000067,2026-02-20,C4937,P0011,Annibale Colombo Bed,Furniture,3,1899.99,0.17,Debit Card,San Diego,California,Cancelled,4.77
TXN000068,2026-06-20,C2549,P0073,Spice Rack,Kitchen-Accessories,5,19.99,0.29,Credit Card,Dallas,Texas,Delivered,4.87
TXN000069,2025-12-22,C1948,P0001,Essence Mascara Lash Princess,Beauty,5,9.99,0.21,Debit Card,Tampa,Florida,Delivered,2.56
TXN000070,2026-02-08,C5371,P0086,Man Short Sleeve Shirt,Mens-Shirts,5,19.99,0.26,Credit Card,San Diego,California,Shipped,2.9
TXN000071,2026-03-08,C5255,P0051,Boxed Blender,Kitchen-Accessories,3,39.99,0.27,UPI,Orlando,Florida,Cancelled,4.56
TXN000072,2025-10-09,C2089,P0090,Puma Future Rider Trainers,Mens-Shoes,2,89.99,0.3,Debit Card,Miami,Florida,Cancelled,4.9
TXN000073,2026-03-30,C4703,P0030,Kiwi,Groceries,4,2.49,0.18,PayPal,New York City,New York,Processing,4.93
TXN000074,2026-04-29,C6580,P0083,Blue & Black Check Shirt,Mens-Shirts,2,29.99,0.11,PayPal,Los Angeles,California,Processing,3.64
TXN000075,2025-12-15,C6333,P0020,Cooking Oil,Groceries,3,4.99,0.09,Credit Card,Orlando,Florida,Shipped,4.8
TXN000076,2026-01-21,C8621,P0100,Apple Airpods,Mobile-Accessories,4,129.99,0.24,Debit Card,Rochester,New York,Delivered,4.15
TXN000077,2025-12-25,C7044,P0008,Dior J'adore,Fragrances,5,89.99,0.02,Net Banking,Austin,Texas,Shipped,3.8
TXN000078,2026-07-21,C1400,P0015,Wooden Bathroom Sink With Mirror,Furniture,5,799.99,0.07,UPI,New York City,New York,Shipped,3.59
TXN000079,2026-03-28,C5421,P0023,Eggs,Groceries,1,2.99,0.19,UPI,Buffalo,New York,Cancelled,2.53
TXN000080,2025-10-16,C1647,P0082,New DELL XPS 13 9300 Laptop,Laptops,2,1499.99,0.28,Credit Card,San Francisco,California,Cancelled,2.67
TXN000081,2026-08-18,C1529,P0015,Wooden Bathroom Sink With Mirror,Furniture,5,799.99,0.08,Credit Card,Buffalo,New York,Shipped,3.59
TXN000082,2026-05-13,C2953,P0019,Chicken Meat,Groceries,3,-9.99,0.25,UPI,Buffalo,New York,Delivered,3.19
TXN000083,2026-07-05,C6892,P0098,Rolex Submariner Watch,Mens-Watches,1,13999.99,0.23,Credit Card,Miami,Florida,Cancelled,2.69
TXN000084,2025-12-20,C8049,P0082,New DELL XPS 13 9300 Laptop,Laptops,3,1499.99,0.14,PayPal,San Diego,California,Delivered,2.67
TXN000085,2025-11-14,C7143,P0084,Gigabyte Aorus Men Tshirt,Mens-Shirts,1,24.99,0.02,UPI,Los Angeles,California,Processing,3.18
TXN000086,2026-08-30,C5231,P0040,Strawberry,,2,3.99,0.11,Credit Card,Houston,Texas,Cancelled,3.08
TXN000087,2025-12-06,C2126,P0004,Red Lipstick,Beauty,5,12.99,0.27,Credit Card,Dallas,Texas,Shipped,4.36
TXN000088,2026-03-04,C1261,P0091,Sports Sneakers Off White & Red,Mens-Shoes,4,119.99,0.3,Credit Card,Los Angeles,California,Processing,4.77
TXN000089,2025-10-09,C7190,P0048,Bamboo Spatula,Kitchen-Accessories,2,7.99,0.24,PayPal,Dallas,Texas,Delivered,3.27
TXN000090,2025-10-28,C4536,P0069,Plate,Kitchen-Accessories,5,3.99,0.0,Debit Card,Los Angeles,California,Delivered,3.65
TXN000091,2025-10-06,C5074,P0067,Mug Tree Stand,Kitchen-Accessories,1,15.99,0.11,Net Banking,Orlando,Florida,Delivered,2.64
TXN000092,2026-04-22,C3740,P0013,Bedside Table African Cherry,Furniture,3,299.99,0.21,PayPal,San Francisco,California,Cancelled,2.87
TXN000093,2025-11-08,C8753,P0069,Plate,Kitchen-Accessories,3,3.99,0.17,Debit Card,Los Angeles,California,Shipped,3.65
TXN000094,2026-06-08,C5347,P0082,New DELL XPS 13 9300 Laptop,Laptops,4,1499.99,0.25,PayPal,San Diego,California,Cancelled,2.67
TXN000095,2026-07-22,C5769,P0100,Apple Airpods,Mobile-Accessories,4,129.99,0.02,Net Banking,New York City,New York,Cancelled,4.15
TXN000096,2025-11-24,C8497,P0004,Red Lipstick,Beauty,3,12.99,0.13,PayPal,Houston,Texas,Delivered,4.36
TXN000097,2026-06-20,C6095,P0071,Silver Pot With Glass Cap,Kitchen-Accessories,4,39.99,0.13,Credit Card,San Diego,California,Shipped,3.22
TXN000098,2025-10-24,C8956,P0004,Red Lipstick,Beauty,5,12.99,0.23,Net Banking,San Francisco,California,Cancelled,4.36
TXN000099,2025-10-05,C3627,P0090,Puma Future Rider Trainers,Mens-Shoes,2,89.99,0.15,UPI,Houston,Texas,Delivered,4.9
TXN000100,2025-12-03,C3469,P0057,Fine Mesh Strainer,Kitchen-Accessories,3,9.99,0.2,PayPal,Houston,Texas,Cancelled,3.04
TXN000101,2025-12-27,C5498,P0093,Brown Leather Belt Watch,Mens-Watches,3,89.99,0.24,UPI,Houston,Texas,Delivered,4.19
TXN000102,2026-06-18,C8980,P0063,Kitchen Sieve,Kitchen-Accessories,4,7.99,0.08,Net Banking,Austin,Texas,Delivered,3.09
TXN000103,2026-06-27,C4365,P0041,Tissue Paper Box,Groceries,3,2.49,0.3,Credit Card,New York City,New York,Shipped,2.69
TXN000104,2026-03-05,C2068,P0099,Amazon Echo Plus,Mobile-Accessories,5,99.99,0.28,UPI,Orlando,Florida,Processing,4.99
TXN000105,2026-03-07,C1331,P0021,Cucumber,,1,1.49,0.11,Debit Card,Austin,Texas,Shipped,4.07
TXN000106,2026-07-05,C2944,P0080,Huawei Matebook X Pro,,2,1399.99,0.11,PayPal,New York City,New York,Cancelled,4.98
TXN000107,2025-12-09,C9801,P0086,Man Short Sleeve Shirt,Mens-Shirts,2,19.99,0.1,PayPal,Buffalo,New York,Shipped,2.9
TXN000108,2026-06-21,C2184,P0067,Mug Tree Stand,Kitchen-Accessories,1,15.99,0.2,Credit Card,Rochester,New York,Delivered,2.64
TXN000109,2026-03-23,C9191,P0047,Table Lamp,Home-Decoration,2,49.99,0.07,Credit Card,Tampa,Florida,Shipped,3.55
TXN000110,2026-07-23,C8092,P0057,Fine Mesh Strainer,Kitchen-Accessories,4,9.99,0.03,Debit Card,San Francisco,California,Cancelled,3.04
TXN000111,2026-02-11,C5703,P0049,Black Aluminium Cup,Kitchen-Accessories,2,5.99,0.13,Debit Card,Rochester,New York,Cancelled,4.46
TXN000112,2026-10-03,C5504,P0062,Ice Cube Tray,Kitchen-Accessories,5,5.99,0.24,Debit Card,Miami,Florida,Cancelled,4.71
TXN000113,2026-09-26,C7299,P0074,Spoon,Kitchen-Accessories,2,4.99,0.07,PayPal,Tampa,Florida,Shipped,4.03
TXN000114,2025-12-30,C5223,P0027,Honey Jar,Groceries,2,6.99,0.21,UPI,Austin,Texas,Shipped,3.97
TXN000115,2026-03-31,C2275,P0046,Plant Pot,Home-Decoration,2,14.99,0.12,Credit Card,Los Angeles,California,Cancelled,3.01
TXN000116,2026-04-28,C1845,P0076,Wooden Rolling Pin,Kitchen-Accessories,2,11.99,0.19,UPI,New York City,New York,Processing,2.92
TXN000117,2026-05-25,C1927,P0098,Rolex Submariner Watch,Mens-Watches,3,13999.99,0.02,Net Banking,Dallas,Texas,Delivered,2.69
TXN000118,2026-06-04,C8165,P0005,Red Nail Polish,Beauty,5,8.99,0.24,Credit Card,Los Angeles,California,Delivered,4.32
TXN000119,2026-07-04,C5285,P0017,Beef Steak,Groceries,5,12.99,0.06,UPI,Buffalo,New York,Cancelled,4.47
TXN000120,2026-01-03,C9183,P0092,Sports Sneakers Off White Red,Mens-Shoes,1,109.99,0.24,Debit Card,Rochester,New York,Shipped,4.69
TXN000121,2025-12-25,C1329,P0053,Chopping Board,Kitchen-Accessories,3,12.99,0.07,PayPal,Orlando,Florida,Cancelled,3.7
TXN000122,2026-04-28,C4571,P0027,Honey Jar,Groceries,2,6.99,0.17,Net Banking,Los Angeles,California,Cancelled,3.97
TXN000123,2025-11-25,C9763,P0072,Slotted Turner,Kitchen-Accessories,2,8.99,0.09,PayPal,Tampa,Florida,Processing,3.4
TXN000124,2026-05-11,C9175,P0027,Honey Jar,Groceries,3,6.99,0.25,PayPal,New York City,New York,Processing,3.97
TXN000125,2026-01-20,C5980,P0037,Red Onions,Groceries,1,1.99,0.01,PayPal,Los Angeles,California,Processing,4.2
TXN000126,2025-10-21,C6642,P0004,Red Lipstick,Beauty,4,12.99,0.12,UPI,Rochester,New York,Delivered,4.36
TXN000127,2026-06-18,C7004,P0094,Longines Master Collection,Mens-Watches,1,1499.99,0.16,Debit Card,Los Angeles,California,Processing,3.87
TXN000128,2026-05-15,C5765,P0094,Longines Master Collection,Mens-Watches,1,1499.99,0.23,PayPal,New York City,New York,Processing,3.87
TXN000129,2026-02-01,C4897,P0006,Calvin Klein CK One,Fragrances,1,49.99,0.11,PayPal,Miami,Florida,Cancelled,4.37
TXN000130,2026-08-07,C7149,P0095,Rolex Cellini Date Black Dial,Mens-Watches,1,8999.99,0.04,Credit Card,Los Angeles,California,Processing,4.97
TXN000131,2026-09-06,C6363,P0004,Red Lipstick,,5,12.99,0.05,Credit Card,Austin,Texas,Cancelled,4.36
TXN000132,2026-04-11,C9797,P0051,Boxed Blender,Kitchen-Accessories,1,39.99,0.14,UPI,Buffalo,New York,Processing,4.56
TXN000133,2026-01-26,C2752,P0046,Plant Pot,Home-Decoration,5,14.99,0.11,UPI,Tampa,Florida,Delivered,3.01
TXN000134,2026-06-11,C3087,P0024,Fish Steak,Groceries,4,14.99,0.08,Debit Card,Orlando,Florida,Shipped,3.78
TXN000135,2026-02-09,C1089,P0005,Red Nail Polish,Beauty,1,8.99,0.17,UPI,Houston,Texas,Delivered,4.32
TXN000136,2025-10-27,C4623,P0012,Annibale Colombo Sofa,Furniture,4,2499.99,0.06,Credit Card,Austin,Texas,Shipped,3.92
TXN000137,2026-05-02,C7731,P0058,Fork,Kitchen-Accessories,4,3.99,0.01,Debit Card,San Francisco,California,Delivered,3.11
TXN000138,2025-11-21,C2602,P0099,Amazon Echo Plus,Mobile-Accessories,2,99.99,0.01,Credit Card,Austin,Texas,Cancelled,4.99
TXN000139,2026-06-15,C3877,P0023,Eggs,Groceries,4,2.99,0.14,UPI,New York City,New York,Shipped,2.53
TXN000140,2025-10-26,C3749,P0096,Rolex Cellini Moonphase,Mens-Watches,5,12999.99,0.14,Debit Card,San Diego,California,Cancelled,2.58
TXN000141,2026-10-01,C8109,P0039,Soft Drinks,Groceries,5,1.99,0.1,Net Banking,San Francisco,California,Cancelled,4.75
TXN000142,2025-10-13,C6917,P0048,Bamboo Spatula,Kitchen-Accessories,4,7.99,0.17,UPI,Miami,Florida,Cancelled,3.27
TXN000143,2026-06-11,C7681,P0035,Potatoes,Groceries,4,2.29,0.06,Debit Card,Buffalo,New York,Delivered,4.81
TXN000144,2026-01-01,C3370,P0033,Mulberry,Groceries,3,4.99,0.14,Credit Card,Buffalo,New York,Cancelled,4.95
TXN000145,2025-11-24,C3210,P0041,Tissue Paper Box,Groceries,4,2.49,0.17,Credit Card,Austin,Texas,Processing,2.69
TXN000146,2026-01-30,C8215,P0078,Apple MacBook Pro 14 Inch Space Grey,Laptops,1,1999.99,0.11,UPI,Dallas,Texas,Cancelled,3.65
TXN000147,2026-09-18,C4590,P0099,Amazon Echo Plus,Mobile-Accessories,1,99.99,0.18,PayPal,Dallas,Texas,Delivered,4.99
TXN000148,2026-04-02,C1605,P0051,Boxed Blender,Kitchen-Accessories,3,39.99,0.01,Credit Card,Orlando,Florida,Cancelled,4.56
TXN000149,2026-07-08,C6924,P0007,Chanel Coco Noir Eau De,Fragrances,4,129.99,0.03,Credit Card,Miami,Florida,Processing,4.26
TXN000150,2026-02-20,C9498,P0086,Man Short Sleeve Shirt,Mens-Shirts,2,19.99,0.29,Net Banking,Miami,Florida,Cancelled,2.9
TXN000151,2026-09-21,C1718,P0062,Ice Cube Tray,Kitchen-Accessories,2,5.99,0.11,Debit Card,Buffalo,New York,Delivered,4.71
TXN000152,2025-12-25,C1128,P0048,Bamboo Spatula,Kitchen-Accessories,5,7.99,0.04,Net Banking,Miami,Florida,Shipped,3.27
TXN000153,2025-12-14,C5461,P0098,Rolex Submariner Watch,Mens-Watches,3,13999.99,0.15,Net Banking,Orlando,Florida,Cancelled,2.69
TXN000154,2026-03-25,C9132,P0013,Bedside Table African Cherry,Furniture,2,299.99,0.18,Debit Card,Orlando,Florida,Delivered,2.87
TXN000155,2026-06-05,C9751,P0034,Nescafe Coffee,Groceries,2,7.99,0.13,Debit Card,New York City,New York,Cancelled,4.82
TXN000156,2025-12-09,C5138,P0045,House Showpiece Plant,Home-Decoration,4,39.99,0.17,Credit Card,New York City,New York,Cancelled,4.67
TXN000157,2026-05-23,C4862,P0004,Red Lipstick,Beauty,5,12.99,0.03,Net Banking,Austin,Texas,Shipped,4.36
TXN000158,2026-09-14,C8278,P0019,Chicken Meat,Groceries,1,9.99,0.19,PayPal,Dallas,Texas,Cancelled,3.19
TXN000159,2026-07-14,C3976,P0079,Asus Zenbook Pro Dual Screen Laptop,Laptops,2,1799.99,0.06,Net Banking,New York City,New York,Shipped,3.95
TXN000160,2026-07-03,C3225,P0022,Dog Food,Groceries,5,10.99,0.03,Credit Card,Austin,Texas,Delivered,4.55
TXN000161,2025-12-08,C3272,P0062,Ice Cube Tray,Kitchen-Accessories,4,5.99,0.11,Net Banking,Tampa,Florida,Delivered,4.71
TXN000162,2025-12-30,C2497,P0014,Knoll Saarinen Executive Conference Chair,Furniture,1,499.99,0.21,Net Banking,Orlando,Florida,Cancelled,4.88
TXN000163,2026-09-17,C7321,P0084,Gigabyte Aorus Men Tshirt,Mens-Shirts,3,24.99,0.21,UPI,Orlando,Florida,Delivered,3.18
TXN000164,2026-04-04,C1624,P0012,Annibale Colombo Sofa,Furniture,2,2499.99,0.23,Credit Card,Los Angeles,California,Delivered,3.92
TXN000165,2026-02-27,C4694,P0018,Cat Food,Groceries,4,8.99,0.16,Debit Card,Los Angeles,California,Delivered,3.13
TXN000166,2026-08-19,C9614,P0039,Soft Drinks,Groceries,5,1.99,0.12,Debit Card,Los Angeles,California,Cancelled,4.75
TXN000167,2026-08-16,C5707,P0010,Gucci Bloom Eau de,Fragrances,3,79.99,0.16,Debit Card,Rochester,New York,Shipped,2.74
TXN000168,2026-05-20,C6842,P0059,Glass,Kitchen-Accessories,5,4.99,0.15,Net Banking,Rochester,New York,Delivered,4.02
TXN000169,2026-06-01,C8192,P0028,Ice Cream,Groceries,5,5.49,0.02,PayPal,Los Angeles,California,Delivered,3.39
TXN000170,2025-11-24,C5501,P0044,Family Tree Photo Frame,Home-Decoration,1,29.99,0.23,UPI,San Diego,California,Shipped,4.53
TXN000171,2026-06-03,C6233,P0054,Citrus Squeezer Yellow,Kitchen-Accessories,2,8.99,0.08,PayPal,Miami,Florida,Delivered,4.63
TXN000172,2026-05-01,C8223,P0011,Annibale Colombo Bed,,5,1899.99,0.05,Credit Card,San Francisco,California,Processing,4.77
TXN000173,2026-03-29,C7086,P0026,Green Chili Pepper,Groceries,3,0.99,0.06,PayPal,San Francisco,California,Shipped,3.66
TXN000174,2026-05-10,C8351,P0069,Plate,Kitchen-Accessories,5,3.99,0.18,UPI,Rochester,New York,Processing,3.65
TXN000175,2025-10-29,C9034,P0014,Knoll Saarinen Executive Conference Chair,Furniture,5,499.99,0.12,Net Banking,Rochester,New York,Shipped,4.88
TXN000176,2026-06-05,C7610,P0053,Chopping Board,Kitchen-Accessories,1,12.99,0.16,Net Banking,San Diego,California,Delivered,3.7
TXN000177,2026-01-13,C3598,P0035,Potatoes,Groceries,5,2.29,0.22,Net Banking,San Francisco,California,Processing,4.81
TXN000178,2026-09-03,C5274,P0091,Sports Sneakers Off White & Red,Mens-Shoes,3,119.99,0.04,Debit Card,Houston,Texas,Delivered,4.77
TXN000179,2026-09-03,C1369,P0088,Nike Air Jordan 1 Red And Black,Mens-Shoes,2,149.99,0.26,UPI,San Francisco,California,Shipped,4.77
TXN000180,2026-07-14,C9435,P0021,Cucumber,Groceries,4,1.49,0.12,Debit Card,Tampa,Florida,Shipped,4.07
TXN000181,2025-10-15,C6437,P0087,Men Check Shirt,Mens-Shirts,5,27.99,0.18,Net Banking,San Francisco,California,Delivered,2.72
TXN000182,2026-07-27,C2591,P0032,Milk,Groceries,3,3.49,0.19,Credit Card,Miami,Florida,Processing,2.61
TXN000183,2026-02-10,C8445,P0051,Boxed Blender,Kitchen-Accessories,2,39.99,0.24,UPI,Rochester,New York,Processing,4.56
TXN000184,2025-12-06,C9636,P0017,Beef Steak,Groceries,3,12.99,0.23,PayPal,Austin,Texas,Shipped,4.47
TXN000185,2025-12-07,C1856,P0075,Tray,Kitchen-Accessories,3,16.99,0.19,PayPal,Rochester,New York,Processing,4.62
TXN000186,2026-01-01,C6682,P0050,Black Whisk,Kitchen-Accessories,3,9.99,0.07,Net Banking,San Diego,California,Cancelled,3.9
TXN000187,2025-12-07,C7650,P0045,House Showpiece Plant,Home-Decoration,5,39.99,0.29,Debit Card,Miami,Florida,Processing,4.67
TXN000188,2026-03-20,C7520,P0094,Longines Master Collection,Mens-Watches,5,1499.99,0.16,Net Banking,Tampa,Florida,Shipped,3.87
TXN000189,2026-09-22,C8050,P0088,Nike Air Jordan 1 Red And Black,Mens-Shoes,1,149.99,0.26,PayPal,Tampa,Florida,Processing,4.77
TXN000190,2026-02-09,C8465,P0045,House Showpiece Plant,Home-Decoration,4,39.99,0.16,UPI,Buffalo,New York,Shipped,4.67
TXN000191,2026-02-06,C1172,P0068,Pan,Kitchen-Accessories,2,24.99,0.12,Credit Card,San Diego,California,Cancelled,2.79
TXN000192,2026-08-09,C3281,P0078,Apple MacBook Pro 14 Inch Space Grey,Laptops,4,1999.99,0.01,UPI,Orlando,Florida,Delivered,3.65
TXN000193,2026-01-13,C8098,P0097,Rolex Datejust,Mens-Watches,4,10999.99,0.06,Net Banking,Tampa,Florida,Cancelled,3.66
TXN000194,2026-07-14,C2020,P0013,Bedside Table African Cherry,Furniture,1,299.99,0.29,Credit Card,Orlando,Florida,Cancelled,2.87
TXN000195,2026-09-03,C7637,P0008,Dior J'adore,Fragrances,4,89.99,0.29,Credit Card,Miami,Florida,Processing,3.8
TXN000196,2025-12-05,C8308,P0097,Rolex Datejust,Mens-Watches,4,10999.99,0.17,Credit Card,San Diego,California,Shipped,3.66
TXN000197,2026-07-30,C6011,P0070,Red Tongs,Kitchen-Accessories,1,6.99,0.12,PayPal,San Diego,California,Cancelled,4.42
TXN000198,2026-07-23,C7991,P0061,Hand Blender,Kitchen-Accessories,3,34.99,0.12,Net Banking,Dallas,Texas,Cancelled,3.86
TXN000199,2026-05-21,C4685,P0075,Tray,Kitchen-Accessories,1,16.99,0.04,Debit Card,Buffalo,New York,Cancelled,4.62
TXN000200,2026-05-26,C2954,P0028,Ice Cream,Groceries,5,5.49,0.3,Debit Card,Miami,Florida,Processing,3.39
TXN000201,2026-01-25,C4700,P0053,Chopping Board,Kitchen-Accessories,5,12.99,0.1,Debit Card,San Francisco,California,Delivered,3.7
TXN000202,2026-02-02,C6667,P0031,Lemon,Groceries,1,0.79,0.09,Net Banking,Orlando,Florida,Cancelled,3.53
TXN000203,2026-06-03,C8079,P0058,Fork,Kitchen-Accessories,3,3.99,0.12,Debit Card,Miami,Florida,Delivered,3.11
TXN000204,2025-11-30,C4342,P0014,Knoll Saarinen Executive Conference Chair,Furniture,5,499.99,0.02,Debit Card,Tampa,Florida,Cancelled,4.88
TXN000205,2026-06-25,C7776,P0017,Beef Steak,Groceries,2,12.99,0.01,Debit Card,Orlando,Florida,Shipped,4.47
TXN000206,2026-03-23,C6030,P0075,Tray,Kitchen-Accessories,3,16.99,0.06,UPI,New York City,New York,Processing,4.62
TXN000207,2026-04-23,C5687,P0085,Man Plaid Shirt,Mens-Shirts,3,34.99,0.26,Debit Card,Houston,Texas,Cancelled,3.46
TXN000208,2026-09-15,C8077,P0046,Plant Pot,Home-Decoration,1,14.99,0.22,PayPal,Buffalo,New York,Processing,3.01
TXN000209,2025-10-30,C1583,P0020,Cooking Oil,Groceries,1,4.99,0.19,UPI,Austin,Texas,Shipped,4.8
TXN000210,2025-10-22,C9479,P0071,Silver Pot With Glass Cap,Kitchen-Accessories,4,39.99,0.13,Debit Card,Orlando,Florida,Cancelled,3.22
TXN000211,2026-02-28,C4814,P0012,Annibale Colombo Sofa,Furniture,4,2499.99,0.08,Debit Card,Houston,Texas,Shipped,3.92
TXN000212,2026-08-19,C6176,P0048,Bamboo Spatula,Kitchen-Accessories,3,7.99,0.11,PayPal,Buffalo,New York,Delivered,3.27
TXN000213,2025-11-25,C5273,P0076,Wooden Rolling Pin,Kitchen-Accessories,3,11.99,0.27,Credit Card,Tampa,Florida,Delivered,2.92
TXN000214,2026-09-19,C2590,P0059,Glass,Kitchen-Accessories,4,4.99,0.29,Credit Card,Los Angeles,California,Processing,4.02
TXN000215,2025-10-14,C2590,P0071,Silver Pot With Glass Cap,Kitchen-Accessories,1,39.99,0.06,PayPal,San Diego,California,Processing,3.22
TXN000216,2026-09-06,C1834,P0091,Sports Sneakers Off White & Red,Mens-Shoes,1,119.99,0.26,Net Banking,San Francisco,California,Cancelled,4.77
TXN000217,2026-09-02,C4377,P0011,Annibale Colombo Bed,Furniture,5,1899.99,0.17,Debit Card,Los Angeles,California,Processing,4.77
TXN000218,2025-10-06,C4456,P0046,Plant Pot,Home-Decoration,4,14.99,0.11,Net Banking,Miami,Florida,Processing,3.01
TXN000219,2026-07-24,C6636,P0070,Red Tongs,Kitchen-Accessories,3,6.99,0.14,Debit Card,Dallas,Texas,Delivered,4.42
TXN000220,2026-05-13,C4171,P0038,Rice,Groceries,5,5.99,0.1,UPI,San Francisco,California,Cancelled,3.18
TXN000221,2026-07-20,C1735,P0008,Dior J'adore,Fragrances,1,89.99,0.16,Debit Card,Miami,Florida,Shipped,3.8
TXN000222,2026-06-30,C4078,P0040,Strawberry,Groceries,5,3.99,0.06,Credit Card,Austin,Texas,Processing,3.08
TXN000223,2025-10-10,C4002,P0099,Amazon Echo Plus,Mobile-Accessories,2,99.99,0.26,PayPal,Dallas,Texas,Cancelled,4.99
TXN000224,2025-10-19,C2531,P0063,Kitchen Sieve,Kitchen-Accessories,4,7.99,0.24,Debit Card,Tampa,Florida,Delivered,3.09
TXN000225,2026-09-27,C4775,P0007,Chanel Coco Noir Eau De,Fragrances,3,129.99,0.03,UPI,Tampa,Florida,Delivered,4.26
TXN000226,2026-08-09,C7724,P0066,Microwave Oven,Kitchen-Accessories,1,89.99,0.11,Debit Card,Miami,Florida,Processing,4.82
TXN000227,2025-12-18,C5236,P0097,Rolex Datejust,,4,10999.99,0.01,UPI,San Diego,California,Processing,3.66
TXN000228,2026-04-23,C5792,P0063,Kitchen Sieve,Kitchen-Accessories,2,7.99,0.13,Net Banking,Miami,Florida,Cancelled,3.09
TXN000229,2025-11-27,C9784,P0052,Carbon Steel Wok,Kitchen-Accessories,3,29.99,0.28,UPI,Miami,Florida,Shipped,4.05
TXN000230,2025-10-22,C8865,P0076,Wooden Rolling Pin,Kitchen-Accessories,3,11.99,0.13,PayPal,Rochester,New York,Delivered,2.92
TXN000231,2026-02-25,C2615,P0059,Glass,,4,4.99,0.11,PayPal,Orlando,Florida,Delivered,4.02
TXN000232,2026-08-10,C4767,P0038,Rice,Groceries,2,5.99,0.03,Credit Card,Orlando,Florida,Delivered,3.18
TXN000233,2026-08-28,C8798,P0032,Milk,Groceries,3,3.49,0.16,Debit Card,San Francisco,California,Processing,2.61
TXN000234,2026-03-24,C8379,P0046,Plant Pot,Home-Decoration,5,14.99,0.18,Debit Card,Buffalo,New York,Shipped,3.01
TXN000235,2026-09-21,C7004,P0100,Apple Airpods,Mobile-Accessories,4,129.99,0.24,Net Banking,New York City,New York,Cancelled,4.15
TXN000236,2026-02-02,C7796,P0035,Potatoes,Groceries,2,2.29,0.25,Debit Card,Tampa,Florida,Cancelled,4.81
TXN000237,2026-06-26,C1852,P0089,Nike Baseball Cleats,Mens-Shoes,2,79.99,0.28,PayPal,Rochester,New York,Shipped,3.88
TXN000238,2026-08-14,C7014,P0017,Beef Steak,Groceries,2,12.99,0.0,Net Banking,Tampa,Florida,Cancelled,4.47
TXN000239,2026-08-05,C8503,P0001,Essence Mascara Lash Princess,Beauty,1,9.99,0.06,PayPal,Tampa,Florida,Delivered,2.56
TXN000240,2026-08-25,C7635,P0033,Mulberry,Groceries,2,4.99,0.07,Debit Card,San Diego,California,Cancelled,4.95
TXN000241,2025-11-01,C2777,P0094,Longines Master Collection,Mens-Watches,3,1499.99,0.11,Debit Card,San Francisco,California,Shipped,3.87
TXN000242,2026-01-15,C4829,P0021,Cucumber,Groceries,4,1.49,0.27,Net Banking,Los Angeles,California,Shipped,4.07
TXN000243,2026-03-08,C3017,P0027,Honey Jar,Groceries,3,6.99,0.2,PayPal,Los Angeles,California,Shipped,3.97
TXN000244,2026-09-03,C1326,P0089,Nike Baseball Cleats,Mens-Shoes,3,79.99,0.07,UPI,Buffalo,New York,Delivered,3.88
TXN000245,2026-06-11,C6377,P0049,Black Aluminium Cup,Kitchen-Accessories,3,5.99,0.09,PayPal,Los Angeles,California,Delivered,4.46
TXN000246,2025-12-01,C9096,P0031,Lemon,Groceries,1,0.79,0.18,UPI,Austin,Texas,Shipped,3.53
TXN000247,2026-08-17,C4247,P0013,Bedside Table African Cherry,Furniture,2,299.99,0.08,Credit Card,Tampa,Florida,Cancelled,2.87
TXN000248,2026-08-12,C5252,P0020,Cooking Oil,Groceries,3,4.99,0.17,Credit Card,New York City,New York,Cancelled,4.8
TXN000249,2026-06-19,C5618,P0057,Fine Mesh Strainer,Kitchen-Accessories,3,9.99,0.17,Credit Card,Los Angeles,California,Processing,3.04
TXN000250,2025-11-12,C9316,P0006,Calvin Klein CK One,Fragrances,3,49.99,0.25,Credit Card,Los Angeles,California,Processing,4.37
TXN000251,2026-01-07,C4642,P0033,Mulberry,Groceries,1,4.99,0.2,PayPal,Rochester,New York,Processing,4.95
TXN000252,2025-11-22,C8227,P0002,Eyeshadow Palette with Mirror,Beauty,2,19.99,0.28,Debit Card,Tampa,Florida,Cancelled,2.86
TXN000253,2026-03-27,C4672,P0075,Tray,Kitchen-Accessories,1,16.99,0.04,UPI,San Diego,California,Processing,4.62
TXN000254,2026-02-24,C4717,P0083,Blue & Black Check Shirt,Mens-Shirts,4,29.99,0.16,Net Banking,Buffalo,New York,Shipped,3.64
TXN000255,2026-04-28,C2577,P0078,Apple MacBook Pro 14 Inch Space Grey,,2,1999.99,0.11,PayPal,Austin,Texas,Processing,3.65
TXN000256,2026-08-27,C8673,P0048,Bamboo Spatula,Kitchen-Accessories,2,7.99,0.07,Debit Card,Rochester,New York,Processing,3.27
TXN000257,2026-07-29,C7317,P0043,Decoration Swing,Home-Decoration,3,-59.99,0.27,Net Banking,Orlando,Florida,Shipped,3.16
TXN000258,2026-04-06,C2509,P0008,Dior J'adore,Fragrances,4,89.99,0.0,Credit Card,Austin,Texas,Delivered,3.8
TXN000259,2025-10-12,C8282,P0049,Black Aluminium Cup,Kitchen-Accessories,4,5.99,0.22,UPI,Los Angeles,California,Delivered,4.46
TXN000260,2025-11-30,C1000,P0087,Men Check Shirt,Mens-Shirts,2,27.99,0.13,Credit Card,Los Angeles,California,Processing,2.72
TXN000261,2026-01-26,C7345,P0059,Glass,Kitchen-Accessories,4,4.99,0.25,Credit Card,San Diego,California,Cancelled,4.02
TXN000262,2026-07-16,C5355,P0088,Nike Air Jordan 1 Red And Black,Mens-Shoes,5,149.99,0.11,UPI,San Diego,California,Shipped,4.77
TXN000263,2026-01-03,C3350,P0083,Blue & Black Check Shirt,Mens-Shirts,3,-29.99,0.15,UPI,New York City,New York,Processing,3.64
TXN000264,2026-08-13,C3395,P0091,Sports Sneakers Off White & Red,Mens-Shoes,2,119.99,0.18,PayPal,Rochester,New York,Processing,4.77
TXN000265,2026-08-03,C2734,P0095,Rolex Cellini Date Black Dial,Mens-Watches,4,8999.99,0.17,Credit Card,Austin,Texas,Delivered,4.97
TXN000266,2025-11-03,C8053,P0019,Chicken Meat,Groceries,4,9.99,0.1,Credit Card,Buffalo,New York,Cancelled,3.19
TXN000267,2026-06-21,C1371,P0089,Nike Baseball Cleats,Mens-Shoes,5,79.99,0.19,Credit Card,Austin,Texas,Delivered,3.88
TXN000268,2025-12-10,C6372,P0062,Ice Cube Tray,Kitchen-Accessories,4,5.99,0.07,UPI,Houston,Texas,Shipped,4.71
TXN000269,2026-08-19,C1511,P0007,Chanel Coco Noir Eau De,Fragrances,2,129.99,0.22,UPI,Miami,Florida,Delivered,4.26
TXN000270,2026-07-30,C7987,P0017,Beef Steak,Groceries,3,12.99,0.02,UPI,Orlando,Florida,Processing,4.47
TXN000271,2025-12-20,C9167,P0071,Silver Pot With Glass Cap,Kitchen-Accessories,1,39.99,0.23,Net Banking,Austin,Texas,Processing,3.22
TXN000272,2026-06-20,C2303,P0026,Green Chili Pepper,,1,0.99,0.11,Credit Card,Orlando,Florida,Shipped,3.66
TXN000273,2025-10-29,C7867,P0081,Lenovo Yoga 920,Laptops,3,1099.99,0.29,Net Banking,New York City,New York,Delivered,2.86
TXN000274,2025-10-29,C6404,P0033,Mulberry,Groceries,1,4.99,0.17,Credit Card,Tampa,Florida,Delivered,4.95
TXN000275,2026-09-22,C2993,P0008,Dior J'adore,Fragrances,3,89.99,0.26,PayPal,Tampa,Florida,Shipped,3.8
TXN000276,2026-02-11,C5019,P0060,Grater Black,Kitchen-Accessories,3,10.99,0.28,PayPal,San Diego,California,Cancelled,3.21
TXN000277,2026-08-08,C5007,P0043,Decoration Swing,Home-Decoration,2,59.99,0.26,UPI,New York City,New York,Shipped,3.16
TXN000278,2025-10-23,C8123,P0094,Longines Master Collection,Mens-Watches,3,1499.99,0.18,Credit Card,Los Angeles,California,Processing,3.87
TXN000279,2026-09-21,C5752,P0013,Bedside Table African Cherry,Furniture,5,299.99,0.09,Credit Card,Houston,Texas,Delivered,2.87
TXN000280,2026-08-14,C9482,P0083,Blue & Black Check Shirt,Mens-Shirts,4,29.99,0.02,Credit Card,Buffalo,New York,Shipped,3.64
TXN000281,2025-12-08,C6379,P0056,Electric Stove,Kitchen-Accessories,4,49.99,0.22,Credit Card,San Francisco,California,Processing,4.11
TXN000282,2026-02-12,C9078,P0069,Plate,Kitchen-Accessories,2,3.99,0.15,UPI,Miami,Florida,Cancelled,3.65
TXN000283,2025-10-28,C8277,P0091,Sports Sneakers Off White & Red,Mens-Shoes,3,119.99,0.24,Credit Card,Houston,Texas,Shipped,4.77
TXN000284,2026-01-25,C6636,P0068,Pan,Kitchen-Accessories,2,24.99,0.01,Credit Card,Houston,Texas,Processing,2.79
TXN000285,2025-12-23,C8971,P0026,Green Chili Pepper,Groceries,2,0.99,0.11,UPI,Buffalo,New York,Processing,3.66
TXN000286,2026-02-13,C9678,P0095,Rolex Cellini Date Black Dial,Mens-Watches,3,8999.99,0.08,UPI,Buffalo,New York,Cancelled,4.97
TXN000287,2026-10-03,C4226,P0029,Juice,Groceries,2,3.99,0.1,PayPal,Austin,Texas,Delivered,3.94
TXN000288,2026-08-25,C2988,P0087,Men Check Shirt,Mens-Shirts,3,27.99,0.29,PayPal,Dallas,Texas,Shipped,2.72
TXN000289,2026-06-22,C6671,P0026,Green Chili Pepper,Groceries,3,0.99,0.19,Net Banking,Tampa,Florida,Processing,3.66
TXN000290,2026-07-31,C8444,P0012,Annibale Colombo Sofa,Furniture,3,2499.99,0.05,Net Banking,Rochester,New York,Shipped,3.92
TXN000291,2026-06-10,C6387,P0029,Juice,Groceries,5,3.99,0.18,PayPal,Miami,Florida,Cancelled,3.94
TXN000292,2026-02-11,C3256,P0090,Puma Future Rider Trainers,Mens-Shoes,5,89.99,0.2,PayPal,San Francisco,California,Cancelled,4.9
TXN000293,2025-10-12,C8987,P0054,Citrus Squeezer Yellow,Kitchen-Accessories,4,8.99,0.16,Credit Card,San Diego,California,Delivered,4.63
TXN000294,2026-06-11,C2362,P0047,Table Lamp,Home-Decoration,3,49.99,0.24,UPI,Miami,Florida,Shipped,3.55
TXN000295,2026-05-04,C1639,P0097,Rolex Datejust,Mens-Watches,3,10999.99,0.1,Credit Card,San Francisco,California,Shipped,3.66
TXN000296,2026-04-06,C8112,P0080,Huawei Matebook X Pro,Laptops,1,1399.99,0.29,Debit Card,Houston,Texas,Delivered,4.98
TXN000297,2026-03-09,C8347,P0027,Honey Jar,Groceries,4,6.99,0.28,Credit Card,San Diego,California,Delivered,3.97
TXN000298,2026-07-18,C7041,P0034,Nescafe Coffee,Groceries,5,7.99,0.15,Credit Card,San Diego,California,Processing,4.82
TXN000299,2026-07-10,C9032,P0018,Cat Food,Groceries,1,8.99,0.28,Net Banking,San Francisco,California,Processing,3.13
TXN000300,2025-12-06,C2046,P0047,Table Lamp,Home-Decoration,4,49.99,0.17,Credit Card,New York City,New York,Shipped,3.55
TXN000301,2026-03-16,C2281,P0033,Mulberry,Groceries,2,4.99,0.13,Credit Card,New York City,New York,Cancelled,4.95
TXN000302,2026-04-11,C4209,P0091,Sports Sneakers Off White & Red,Mens-Shoes,1,119.99,0.03,Net Banking,Los Angeles,California,Processing,4.77
TXN000303,2026-06-12,C1380,P0091,Sports Sneakers Off White & Red,Mens-Shoes,3,119.99,0.14,PayPal,San Diego,California,Shipped,4.77
TXN000304,2026-07-22,C2557,P0060,Grater Black,Kitchen-Accessories,3,10.99,0.18,Net Banking,Miami,Florida,Cancelled,3.21
TXN000305,2025-11-01,C1680,P0050,Black Whisk,Kitchen-Accessories,5,9.99,0.06,UPI,Houston,Texas,Delivered,3.9
TXN000306,2026-04-23,C7959,P0098,Rolex Submariner Watch,Mens-Watches,2,13999.99,0.07,Credit Card,San Francisco,California,Processing,2.69
TXN000307,2026-01-19,C5572,P0011,Annibale Colombo Bed,Furniture,3,1899.99,0.13,Debit Card,New York City,New York,Delivered,4.77
TXN000308,2026-01-11,C8106,P0099,Amazon Echo Plus,Mobile-Accessories,2,99.99,0.1,PayPal,Rochester,New York,Processing,4.99
TXN000309,2026-06-29,C1758,P0050,Black Whisk,Kitchen-Accessories,1,9.99,0.02,Net Banking,Austin,Texas,Shipped,3.9
TXN000310,2026-05-23,C4209,P0015,Wooden Bathroom Sink With Mirror,Furniture,3,799.99,0.03,PayPal,Rochester,New York,Cancelled,3.59
TXN000311,2026-02-02,C1770,P0038,Rice,Groceries,5,5.99,0.27,UPI,San Diego,California,Shipped,3.18
TXN000312,2026-02-22,C2279,P0085,Man Plaid Shirt,,5,34.99,0.14,Net Banking,Los Angeles,California,Delivered,3.46
TXN000313,2026-09-27,C3815,P0053,Chopping Board,Kitchen-Accessories,2,12.99,0.12,Debit Card,Austin,Texas,Shipped,3.7
TXN000314,2025-12-14,C7392,P0033,Mulberry,Groceries,3,4.99,0.25,Net Banking,Los Angeles,California,Delivered,4.95
TXN000315,2026-01-04,C6846,P0003,Powder Canister,Beauty,1,14.99,0.18,Debit Card,Dallas,Texas,Delivered,4.64
TXN000316,2025-10-10,C3118,P0045,House Showpiece Plant,Home-Decoration,4,39.99,0.15,Credit Card,New York City,New York,Cancelled,4.67
TXN000317,2026-07-24,C1248,P0029,Juice,Groceries,2,3.99,0.05,UPI,Buffalo,New York,Delivered,3.94
TXN000318,2026-05-04,C9341,P0008,Dior J'adore,Fragrances,1,89.99,0.05,PayPal,San Francisco,California,Shipped,3.8
TXN000319,2026-06-10,C5892,P0044,Family Tree Photo Frame,Home-Decoration,3,29.99,0.14,Credit Card,Austin,Texas,Cancelled,4.53
TXN000320,2026-07-04,C3972,P0093,Brown Leather Belt Watch,Mens-Watches,4,89.99,0.01,UPI,Miami,Florida,Cancelled,4.19
TXN000321,2026-02-21,C6697,P0009,Dolce Shine Eau de,Fragrances,3,69.99,0.13,Credit Card,Orlando,Florida,Shipped,3.96
TXN000322,2026-08-09,C6995,P0033,Mulberry,Groceries,5,4.99,0.11,Credit Card,Austin,Texas,Shipped,4.95
TXN000323,2026-08-25,C9177,P0070,Red Tongs,Kitchen-Accessories,4,6.99,0.06,Debit Card,Buffalo,New York,Cancelled,4.42
TXN000324,2026-02-10,C9253,P0063,Kitchen Sieve,Kitchen-Accessories,5,7.99,0.26,Credit Card,Miami,Florida,Processing,3.09
TXN000325,2026-03-01,C6099,P0055,Egg Slicer,Kitchen-Accessories,5,6.99,0.24,Credit Card,Miami,Florida,Processing,3.09
TXN000326,2026-09-25,C5397,P0099,Amazon Echo Plus,Mobile-Accessories,3,99.99,0.01,Credit Card,New York City,New York,Processing,4.99
TXN000327,2026-01-14,C1909,P0036,Protein Powder,Groceries,3,19.99,0.12,Debit Card,Houston,Texas,Processing,4.18
TXN000328,2026-04-13,C2737,P0082,New DELL XPS 13 9300 Laptop,,4,1499.99,0.16,UPI,San Diego,California,Delivered,2.67
TXN000329,2025-12-31,C3573,P0010,Gucci Bloom Eau de,Fragrances,4,79.99,0.19,Net Banking,Buffalo,New York,Processing,2.74
TXN000330,2026-01-05,C3289,P0063,Kitchen Sieve,Kitchen-Accessories,1,7.99,0.11,UPI,San Diego,California,Delivered,3.09
TXN000331,2026-07-02,C5061,P0068,Pan,Kitchen-Accessories,5,24.99,0.27,Debit Card,Los Angeles,California,Delivered,2.79
TXN000332,2026-05-11,C9082,P0038,Rice,Groceries,2,5.99,0.29,UPI,Orlando,Florida,Delivered,3.18
TXN000333,2026-08-29,C8918,P0011,Annibale Colombo Bed,Furniture,1,1899.99,0.24,Credit Card,Dallas,Texas,Cancelled,4.77
TXN000334,2025-11-13,C8516,P0062,Ice Cube Tray,Kitchen-Accessories,2,5.99,0.28,PayPal,Rochester,New York,Shipped,4.71
TXN000335,2026-01-11,C3673,P0074,Spoon,Kitchen-Accessories,4,4.99,0.15,Credit Card,Miami,Florida,Cancelled,4.03
TXN000336,2025-10-24,C7124,P0071,Silver Pot With Glass Cap,Kitchen-Accessories,1,39.99,0.28,Net Banking,Dallas,Texas,Processing,3.22
TXN000337,2026-02-11,C1566,P0065,Lunch Box,Kitchen-Accessories,1,12.99,0.1,Net Banking,Buffalo,New York,Cancelled,4.93
TXN000338,2026-03-23,C4237,P0077,Yellow Peeler,Kitchen-Accessories,5,5.99,0.14,PayPal,Tampa,Florida,Processing,4.24
TXN000339,2026-06-05,C5165,P0011,Annibale Colombo Bed,Furniture,5,1899.99,0.25,Debit Card,Orlando,Florida,Delivered,4.77
TXN000340,2026-08-17,C9650,P0085,Man Plaid Shirt,Mens-Shirts,1,34.99,0.11,PayPal,Dallas,Texas,Delivered,3.46
TXN000341,2025-11-16,C1347,P0040,Strawberry,Groceries,3,3.99,0.06,Credit Card,Tampa,Florida,Processing,3.08
TXN000342,2025-11-26,C4761,P0027,Honey Jar,Groceries,2,6.99,0.13,Debit Card,San Diego,California,Cancelled,3.97
TXN000343,2025-10-24,C3151,P0038,Rice,Groceries,5,5.99,0.07,Debit Card,San Francisco,California,Delivered,3.18
TXN000344,2025-12-07,C5575,P0074,Spoon,Kitchen-Accessories,4,4.99,0.11,Net Banking,Austin,Texas,Shipped,4.03
TXN000345,2026-07-05,C6454,P0089,Nike Baseball Cleats,Mens-Shoes,3,79.99,0.26,PayPal,Buffalo,New York,Processing,3.88
TXN000346,2026-01-19,C4689,P0044,Family Tree Photo Frame,Home-Decoration,2,29.99,0.01,Credit Card,Tampa,Florida,Processing,4.53
TXN000347,2025-12-18,C8729,P0035,Potatoes,Groceries,2,2.29,0.16,Debit Card,San Francisco,California,Processing,4.81
TXN000348,2026-05-18,C5614,P0026,Green Chili Pepper,Groceries,4,0.99,0.2,Credit Card,New York City,New York,Delivered,3.66
TXN000349,2026-04-28,C9366,P0076,Wooden Rolling Pin,Kitchen-Accessories,5,11.99,0.02,Debit Card,Buffalo,New York,Processing,2.92
TXN000350,2025-12-22,C7041,P0018,Cat Food,Groceries,4,8.99,0.26,PayPal,Austin,Texas,Delivered,3.13
TXN000351,2026-06-08,C3455,P0096,Rolex Cellini Moonphase,Mens-Watches,5,12999.99,0.15,Net Banking,Buffalo,New York,Cancelled,2.58
TXN000352,2026-09-06,C5744,P0066,Microwave Oven,Kitchen-Accessories,5,89.99,0.29,Credit Card,Houston,Texas,Processing,4.82
TXN000353,2025-12-08,C9360,P0099,Amazon Echo Plus,Mobile-Accessories,3,99.99,0.07,Debit Card,Miami,Florida,Delivered,4.99
TXN000354,2025-11-24,C9718,P0036,Protein Powder,Groceries,2,19.99,0.05,PayPal,San Francisco,California,Delivered,4.18
TXN000355,2025-11-08,C7572,P0038,Rice,Groceries,2,5.99,0.21,Credit Card,Miami,Florida,Delivered,3.18
TXN000356,2025-10-10,C8963,P0073,Spice Rack,Kitchen-Accessories,5,19.99,0.07,Net Banking,San Francisco,California,Processing,4.87
TXN000357,2026-07-02,C7510,P0006,Calvin Klein CK One,Fragrances,3,49.99,0.01,Debit Card,Orlando,Florida,Shipped,4.37
TXN000358,2026-04-19,C5719,P0043,Decoration Swing,Home-Decoration,3,59.99,0.12,PayPal,Miami,Florida,Shipped,3.16
TXN000359,2026-01-26,C1154,P0011,Annibale Colombo Bed,Furniture,5,1899.99,0.01,Debit Card,San Francisco,California,Shipped,4.77
TXN000360,2026-03-12,C6414,P0053,Chopping Board,Kitchen-Accessories,2,12.99,0.24,PayPal,Tampa,Florida,Processing,3.7
TXN000361,2025-12-12,C9179,P0044,Family Tree Photo Frame,Home-Decoration,2,29.99,0.2,UPI,Los Angeles,California,Processing,4.53
TXN000362,2025-11-15,C2539,P0091,Sports Sneakers Off White & Red,Mens-Shoes,4,119.99,0.15,PayPal,Houston,Texas,Processing,4.77
TXN000363,2026-08-22,C6459,P0082,New DELL XPS 13 9300 Laptop,Laptops,4,1499.99,0.14,Debit Card,Buffalo,New York,Processing,2.67
TXN000364,2025-10-30,C7115,P0068,Pan,Kitchen-Accessories,2,24.99,0.15,Net Banking,Miami,Florida,Processing,2.79
TXN000365,2026-08-13,C4487,P0085,Man Plaid Shirt,Mens-Shirts,2,34.99,0.02,Credit Card,Houston,Texas,Delivered,3.46
TXN000366,2026-04-01,C7816,P0096,Rolex Cellini Moonphase,Mens-Watches,3,12999.99,0.04,Credit Card,Los Angeles,California,Processing,2.58
TXN000367,2026-06-21,C7164,P0075,Tray,Kitchen-Accessories,2,16.99,0.02,Debit Card,New York City,New York,Shipped,4.62
TXN000368,2025-10-28,C3367,P0052,Carbon Steel Wok,Kitchen-Accessories,3,29.99,0.16,Net Banking,San Francisco,California,Shipped,4.05
TXN000369,2025-12-30,C3973,P0069,Plate,Kitchen-Accessories,3,3.99,0.27,Credit Card,New York City,New York,Delivered,3.65
TXN000370,2025-12-07,C9336,P0057,Fine Mesh Strainer,Kitchen-Accessories,4,9.99,0.07,Debit Card,Dallas,Texas,Delivered,3.04
TXN000371,2025-10-11,C9158,P0058,Fork,Kitchen-Accessories,5,3.99,0.26,UPI,Dallas,Texas,Delivered,3.11
TXN000372,2026-07-11,C6519,P0065,Lunch Box,Kitchen-Accessories,5,12.99,0.14,Debit Card,San Francisco,California,Processing,4.93
TXN000373,2026-05-31,C3189,P0095,Rolex Cellini Date Black Dial,Mens-Watches,5,8999.99,0.09,Net Banking,San Francisco,California,Shipped,4.97
TXN000374,2026-04-05,C5450,P0019,Chicken Meat,Groceries,2,9.99,0.0,Debit Card,Buffalo,New York,Delivered,3.19
TXN000375,2026-05-18,C8318,P0066,Microwave Oven,Kitchen-Accessories,3,89.99,0.24,Net Banking,San Diego,California,Delivered,4.82
TXN000376,2026-04-25,C4687,P0077,Yellow Peeler,Kitchen-Accessories,3,5.99,0.01,Net Banking,Dallas,Texas,Shipped,4.24
TXN000377,2026-03-29,C5098,P0004,Red Lipstick,Beauty,3,12.99,0.11,UPI,Tampa,Florida,Delivered,4.36
TXN000378,2026-07-09,C6422,P0055,Egg Slicer,Kitchen-Accessories,2,6.99,0.08,Net Banking,Orlando,Florida,Delivered,3.09
TXN000379,2025-10-16,C8377,P0097,Rolex Datejust,Mens-Watches,2,10999.99,0.28,Debit Card,Tampa,Florida,Shipped,3.66
TXN000380,2026-06-07,C7370,P0062,Ice Cube Tray,Kitchen-Accessories,3,5.99,0.3,Debit Card,Tampa,Florida,Shipped,4.71
TXN000381,2026-09-21,C5988,P0072,Slotted Turner,Kitchen-Accessories,4,8.99,0.01,PayPal,Buffalo,New York,Delivered,3.4
TXN000382,2025-12-09,C8522,P0061,Hand Blender,Kitchen-Accessories,2,34.99,0.26,Debit Card,Houston,Texas,Shipped,3.86
TXN000383,2026-01-04,C4196,P0067,Mug Tree Stand,Kitchen-Accessories,4,15.99,0.04,Debit Card,Houston,Texas,Shipped,2.64
TXN000384,2026-06-01,C2237,P0056,Electric Stove,Kitchen-Accessories,5,49.99,0.02,PayPal,Los Angeles,California,Cancelled,4.11
TXN000385,2026-09-03,C8781,P0037,Red Onions,,4,1.99,0.04,PayPal,Austin,Texas,Shipped,4.2
TXN000386,2025-11-24,C3763,P0028,Ice Cream,Groceries,5,5.49,0.18,Credit Card,San Diego,California,Delivered,3.39
TXN000387,2026-03-18,C3451,P0046,Plant Pot,Home-Decoration,3,14.99,0.08,Credit Card,Tampa,Florida,Delivered,3.01
TXN000388,2026-09-08,C1168,P0072,Slotted Turner,Kitchen-Accessories,2,8.99,0.18,Credit Card,Houston,Texas,Cancelled,3.4
TXN000389,2026-09-09,C1369,P0025,Green Bell Pepper,Groceries,2,1.29,0.03,Debit Card,Los Angeles,California,Shipped,3.25
TXN000390,2026-01-29,C5334,P0054,Citrus Squeezer Yellow,Kitchen-Accessories,3,8.99,0.26,Net Banking,Rochester,New York,Cancelled,4.63
TXN000391,2026-02-04,C2189,P0038,Rice,Groceries,2,5.99,0.1,Net Banking,Miami,Florida,Shipped,3.18
TXN000392,2026-03-10,C4900,P0052,Carbon Steel Wok,Kitchen-Accessories,2,29.99,0.02,Credit Card,San Francisco,California,Cancelled,4.05
TXN000393,2025-10-21,C5955,P0099,Amazon Echo Plus,Mobile-Accessories,2,99.99,0.04,Credit Card,Orlando,Florida,Processing,4.99
TXN000394,2025-11-20,C1633,P0040,Strawberry,Groceries,4,3.99,0.11,Debit Card,Orlando,Florida,Shipped,3.08
TXN000395,2026-05-28,C7123,P0023,Eggs,Groceries,1,2.99,0.02,Credit Card,Miami,Florida,Cancelled,2.53
TXN000396,2026-06-16,C2762,P0034,Nescafe Coffee,Groceries,5,7.99,0.27,PayPal,Orlando,Florida,Cancelled,4.82
TXN000397,2025-11-29,C1262,P0077,Yellow Peeler,Kitchen-Accessories,1,5.99,0.1,Net Banking,Dallas,Texas,Shipped,4.24
TXN000398,2026-01-10,C9199,P0035,Potatoes,Groceries,4,2.29,0.23,UPI,Buffalo,New York,Cancelled,4.81
TXN000399,2025-12-01,C2520,P0016,Apple,Groceries,3,1.99,0.18,Debit Card,Austin,Texas,Processing,4.19
TXN000400,2026-05-13,C5189,P0067,Mug Tree Stand,,1,15.99,0.26,UPI,Tampa,Florida,Cancelled,2.64
TXN000401,2026-08-02,C9589,P0080,Huawei Matebook X Pro,Laptops,3,1399.99,0.01,Net Banking,Miami,Florida,Processing,4.98
TXN000402,2025-11-27,C6477,P0096,Rolex Cellini Moonphase,Mens-Watches,4,12999.99,0.13,PayPal,Tampa,Florida,Processing,2.58
TXN000403,2026-08-13,C2918,P0083,Blue & Black Check Shirt,Mens-Shirts,4,29.99,0.04,UPI,Rochester,New York,Delivered,3.64
TXN000404,2026-09-11,C8747,P0028,Ice Cream,Groceries,1,5.49,0.09,Credit Card,Buffalo,New York,Shipped,3.39
TXN000405,2025-12-12,C3865,P0012,Annibale Colombo Sofa,Furniture,5,2499.99,0.08,Net Banking,Rochester,New York,Processing,3.92
TXN000406,2025-10-09,C5849,P0007,Chanel Coco Noir Eau De,Fragrances,3,129.99,0.06,Credit Card,Houston,Texas,Delivered,4.26
TXN000407,2026-09-14,C3993,P0084,Gigabyte Aorus Men Tshirt,Mens-Shirts,3,24.99,0.27,UPI,Buffalo,New York,Cancelled,3.18
TXN000408,2026-07-14,C4909,P0076,Wooden Rolling Pin,Kitchen-Accessories,5,-11.99,0.27,Net Banking,Orlando,Florida,Processing,2.92
TXN000409,2026-02-07,C4323,P0099,Amazon Echo Plus,Mobile-Accessories,2,99.99,0.25,Credit Card,Los Angeles,California,Delivered,4.99
TXN000410,2025-12-09,C3845,P0025,Green Bell Pepper,Groceries,5,1.29,0.18,PayPal,Austin,Texas,Shipped,3.25
TXN000411,2025-11-11,C8391,P0039,Soft Drinks,Groceries,2,1.99,0.07,UPI,San Diego,California,Delivered,4.75
TXN000412,2026-07-24,C4731,P0043,Decoration Swing,Home-Decoration,1,59.99,0.28,Net Banking,Los Angeles,California,Processing,3.16
TXN000413,2025-10-09,C6338,P0064,Knife,Kitchen-Accessories,2,14.99,0.07,PayPal,Dallas,Texas,Shipped,3.26
TXN000414,2026-06-05,C4521,P0061,Hand Blender,Kitchen-Accessories,4,34.99,0.29,Credit Card,Rochester,New York,Cancelled,3.86
TXN000415,2026-06-03,C4173,P0061,Hand Blender,Kitchen-Accessories,5,34.99,0.1,PayPal,San Diego,California,Delivered,3.86
TXN000416,2025-11-24,C4982,P0009,Dolce Shine Eau de,Fragrances,5,69.99,0.04,PayPal,Los Angeles,California,Delivered,3.96
TXN000417,2026-04-12,C4263,P0088,Nike Air Jordan 1 Red And Black,Mens-Shoes,1,149.99,0.1,PayPal,Tampa,Florida,Delivered,4.77
TXN000418,2025-11-18,C5813,P0008,Dior J'adore,Fragrances,1,89.99,0.06,Debit Card,Austin,Texas,Delivered,3.8
TXN000419,2025-10-09,C9561,P0087,Men Check Shirt,Mens-Shirts,4,27.99,0.14,PayPal,San Diego,California,Processing,2.72
TXN000420,2025-10-07,C5156,P0023,Eggs,Groceries,3,2.99,0.26,Net Banking,Rochester,New York,Shipped,2.53
TXN000421,2026-03-19,C7151,P0010,Gucci Bloom Eau de,Fragrances,2,79.99,0.18,Debit Card,Buffalo,New York,Processing,2.74
TXN000422,2026-05-12,C9407,P0058,Fork,Kitchen-Accessories,2,3.99,0.18,Debit Card,Orlando,Florida,Shipped,3.11
TXN000423,2026-01-27,C5102,P0091,Sports Sneakers Off White & Red,,3,119.99,0.24,Credit Card,Rochester,New York,Delivered,4.77
TXN000424,2026-01-19,C2450,P0074,Spoon,Kitchen-Accessories,4,4.99,0.16,PayPal,Austin,Texas,Cancelled,4.03
TXN000425,2026-06-16,C7790,P0089,Nike Baseball Cleats,Mens-Shoes,3,79.99,0.03,Debit Card,Rochester,New York,Cancelled,3.88
TXN000426,2026-05-17,C7581,P0010,Gucci Bloom Eau de,Fragrances,4,79.99,0.11,Credit Card,Austin,Texas,Shipped,2.74
TXN000427,2026-08-01,C8191,P0018,Cat Food,Groceries,4,8.99,0.03,Debit Card,New York City,New York,Shipped,3.13
TXN000428,2026-05-30,C4428,P0094,Longines Master Collection,Mens-Watches,2,1499.99,0.03,PayPal,Houston,Texas,Processing,3.87
TXN000429,2026-09-02,C5477,P0085,Man Plaid Shirt,Mens-Shirts,1,34.99,0.18,Debit Card,San Francisco,California,Processing,3.46
TXN000430,2026-01-22,C9162,P0046,Plant Pot,Home-Decoration,3,14.99,0.09,UPI,San Francisco,California,Processing,3.01
TXN000431,2026-06-20,C1446,P0072,Slotted Turner,,3,8.99,0.21,Net Banking,Rochester,New York,Cancelled,3.4
TXN000432,2025-12-22,C3489,P0026,Green Chili Pepper,Groceries,3,0.99,0.2,Net Banking,Rochester,New York,Cancelled,3.66
TXN000433,2025-11-20,C4511,P0037,Red Onions,Groceries,2,1.99,0.26,UPI,Dallas,Texas,Shipped,4.2
TXN000434,2026-02-12,C4365,P0089,Nike Baseball Cleats,Mens-Shoes,4,79.99,0.01,Net Banking,Buffalo,New York,Cancelled,3.88
TXN000435,2026-08-19,C8527,P0068,Pan,Kitchen-Accessories,5,24.99,0.07,UPI,Dallas,Texas,Shipped,2.79
TXN000436,2025-12-19,C8460,P0034,Nescafe Coffee,Groceries,3,7.99,0.14,UPI,New York City,New York,Processing,4.82
TXN000437,2026-07-15,C6837,P0048,Bamboo Spatula,Kitchen-Accessories,1,7.99,0.16,PayPal,San Diego,California,Shipped,3.27
TXN000438,2026-09-03,C4174,P0096,Rolex Cellini Moonphase,Mens-Watches,5,12999.99,0.17,Debit Card,Austin,Texas,Shipped,2.58
TXN000439,2026-10-04,C4973,P0021,Cucumber,Groceries,4,1.49,0.15,PayPal,Orlando,Florida,Shipped,4.07
TXN000440,2026-09-13,C7116,P0095,Rolex Cellini Date Black Dial,Mens-Watches,3,8999.99,0.22,Net Banking,Rochester,New York,Delivered,4.97
TXN000441,2026-01-11,C4023,P0058,Fork,Kitchen-Accessories,3,3.99,0.08,Credit Card,New York City,New York,Cancelled,3.11
TXN000442,2026-01-13,C1668,P0058,Fork,Kitchen-Accessories,1,3.99,0.14,Net Banking,Tampa,Florida,Cancelled,3.11
TXN000443,2026-01-07,C4349,P0076,Wooden Rolling Pin,Kitchen-Accessories,5,11.99,0.09,Net Banking,Orlando,Florida,Shipped,2.92
TXN000444,2026-07-31,C7443,P0089,Nike Baseball Cleats,Mens-Shoes,1,-79.99,0.16,Credit Card,Tampa,Florida,Processing,3.88
TXN000445,2026-01-14,C6055,P0065,Lunch Box,Kitchen-Accessories,3,12.99,0.24,Debit Card,San Diego,California,Shipped,4.93
TXN000446,2026-08-01,C2488,P0057,Fine Mesh Strainer,Kitchen-Accessories,1,9.99,0.02,Credit Card,Houston,Texas,Shipped,3.04
TXN000447,2026-06-10,C1315,P0099,Amazon Echo Plus,Mobile-Accessories,5,99.99,0.15,UPI,San Francisco,California,Delivered,4.99
TXN000448,2026-05-01,C9123,P0038,Rice,Groceries,3,5.99,0.24,UPI,San Diego,California,Processing,3.18
TXN000449,2025-12-01,C4749,P0061,Hand Blender,Kitchen-Accessories,3,34.99,0.3,Net Banking,San Diego,California,Shipped,3.86
TXN000450,2026-04-07,C4487,P0056,Electric Stove,Kitchen-Accessories,3,49.99,0.18,UPI,Miami,Florida,Delivered,4.11
TXN000451,2026-03-05,C9914,P0029,Juice,Groceries,5,3.99,0.23,PayPal,New York City,New York,Processing,3.94
TXN000452,2026-03-30,C2006,P0006,Calvin Klein CK One,Fragrances,5,49.99,0.11,Credit Card,Buffalo,New York,Shipped,4.37
TXN000453,2026-02-20,C5625,P0033,Mulberry,Groceries,3,4.99,0.07,Credit Card,San Diego,California,Delivered,4.95
TXN000454,2026-02-21,C4682,P0096,Rolex Cellini Moonphase,Mens-Watches,1,12999.99,0.16,UPI,Houston,Texas,Processing,2.58
TXN000455,2026-02-04,C9170,P0001,Essence Mascara Lash Princess,Beauty,4,9.99,0.19,UPI,Miami,Florida,Processing,2.56
TXN000456,2025-12-12,C7959,P0034,Nescafe Coffee,Groceries,2,7.99,0.22,Net Banking,Houston,Texas,Processing,4.82
TXN000457,2026-10-02,C1437,P0086,Man Short Sleeve Shirt,Mens-Shirts,3,19.99,0.13,Credit Card,New York City,New York,Delivered,2.9
TXN000458,2026-06-02,C3079,P0093,Brown Leather Belt Watch,Mens-Watches,4,89.99,0.18,UPI,Houston,Texas,Delivered,4.19
TXN000459,2026-09-06,C6969,P0092,Sports Sneakers Off White Red,Mens-Shoes,1,109.99,0.22,Credit Card,Rochester,New York,Cancelled,4.69
TXN000460,2026-01-28,C9290,P0045,House Showpiece Plant,Home-Decoration,3,39.99,0.0,PayPal,New York City,New York,Delivered,4.67
TXN000461,2026-08-23,C4110,P0022,Dog Food,Groceries,2,10.99,0.03,UPI,Houston,Texas,Delivered,4.55
TXN000462,2026-03-15,C3865,P0044,Family Tree Photo Frame,Home-Decoration,5,29.99,0.15,Credit Card,Orlando,Florida,Cancelled,4.53
TXN000463,2026-02-23,C5911,P0090,Puma Future Rider Trainers,Mens-Shoes,4,89.99,0.27,UPI,Miami,Florida,Delivered,4.9
TXN000464,2026-02-08,C1323,P0088,Nike Air Jordan 1 Red And Black,Mens-Shoes,1,149.99,0.07,UPI,San Francisco,California,Delivered,4.77
TXN000465,2026-05-31,C8620,P0029,Juice,Groceries,1,3.99,0.22,Debit Card,Dallas,Texas,Shipped,3.94
TXN000466,2026-01-30,C3912,P0043,Decoration Swing,Home-Decoration,1,59.99,0.04,Debit Card,Los Angeles,California,Cancelled,3.16
TXN000467,2026-06-12,C2299,P0044,Family Tree Photo Frame,,4,29.99,0.06,UPI,Rochester,New York,Shipped,4.53
TXN000468,2026-01-24,C6443,P0044,Family Tree Photo Frame,Home-Decoration,1,29.99,0.27,UPI,Houston,Texas,Shipped,4.53
TXN000469,2026-01-14,C9608,P0086,Man Short Sleeve Shirt,Mens-Shirts,5,19.99,0.13,Debit Card,Los Angeles,California,Cancelled,2.9
TXN000470,2026-07-09,C6057,P0055,Egg Slicer,Kitchen-Accessories,1,6.99,0.23,Debit Card,Tampa,Florida,Delivered,3.09
TXN000471,2026-01-02,C4277,P0015,Wooden Bathroom Sink With Mirror,Furniture,2,799.99,0.28,Credit Card,Houston,Texas,Cancelled,3.59
TXN000472,2025-10-11,C8613,P0086,Man Short Sleeve Shirt,Mens-Shirts,2,19.99,0.22,Debit Card,Los Angeles,California,Cancelled,2.9
TXN000473,2026-06-18,C6798,P0079,Asus Zenbook Pro Dual Screen Laptop,Laptops,3,1799.99,0.04,PayPal,San Francisco,California,Processing,3.95
TXN000474,2026-08-01,C4625,P0017,Beef Steak,Groceries,3,12.99,0.18,Debit Card,New York City,New York,Cancelled,4.47
TXN000475,2025-11-02,C8991,P0005,Red Nail Polish,,1,8.99,0.03,Credit Card,Buffalo,New York,Processing,4.32
TXN000476,2026-06-16,C1577,P0021,Cucumber,Groceries,5,1.49,0.06,Debit Card,San Francisco,California,Cancelled,4.07
TXN000477,2026-01-07,C3288,P0070,Red Tongs,Kitchen-Accessories,1,6.99,0.0,Debit Card,Los Angeles,California,Shipped,4.42
TXN000478,2026-07-13,C6829,P0021,Cucumber,Groceries,2,1.49,0.13,UPI,Tampa,Florida,Processing,4.07
TXN000479,2025-10-09,C7456,P0026,Green Chili Pepper,Groceries,3,0.99,0.29,Debit Card,Rochester,New York,Cancelled,3.66
TXN000480,2026-03-29,C9984,P0067,Mug Tree Stand,Kitchen-Accessories,3,15.99,0.29,UPI,Los Angeles,California,Cancelled,2.64
TXN000481,2025-10-27,C3366,P0074,Spoon,Kitchen-Accessories,5,4.99,0.11,Debit Card,San Francisco,California,Cancelled,4.03
TXN000482,2026-08-19,C5552,P0007,Chanel Coco Noir Eau De,Fragrances,5,-129.99,0.15,Net Banking,Miami,Florida,Cancelled,4.26
TXN000483,2026-05-14,C1061,P0064,Knife,Kitchen-Accessories,5,14.99,0.02,Net Banking,Tampa,Florida,Processing,3.26
TXN000484,2025-11-02,C3119,P0087,Men Check Shirt,Mens-Shirts,3,27.99,0.11,Debit Card,Rochester,New York,Cancelled,2.72
TXN000485,2026-09-30,C4648,P0015,Wooden Bathroom Sink With Mirror,Furniture,4,799.99,0.04,Credit Card,Orlando,Florida,Delivered,3.59
TXN000486,2026-08-16,C7491,P0084,Gigabyte Aorus Men Tshirt,Mens-Shirts,2,24.99,0.11,Net Banking,San Francisco,California,Cancelled,3.18
TXN000487,2026-04-22,C4058,P0034,Nescafe Coffee,Groceries,2,7.99,0.15,UPI,Los Angeles,California,Shipped,4.82
TXN000488,2026-02-03,C3423,P0067,Mug Tree Stand,Kitchen-Accessories,1,15.99,0.18,Debit Card,Dallas,Texas,Shipped,2.64
TXN000489,2025-11-15,C6097,P0002,Eyeshadow Palette with Mirror,Beauty,2,19.99,0.1,Credit Card,Los Angeles,California,Processing,2.86
TXN000490,2025-12-28,C6945,P0013,Bedside Table African Cherry,Furniture,3,299.99,0.2,PayPal,Orlando,Florida,Processing,2.87
TXN000491,2026-07-28,C6906,P0082,New DELL XPS 13 9300 Laptop,Laptops,1,1499.99,0.12,Credit Card,San Francisco,California,Cancelled,2.67
TXN000492,2026-02-25,C1418,P0018,Cat Food,Groceries,1,8.99,0.1,UPI,San Francisco,California,Delivered,3.13
TXN000493,2026-04-27,C4235,P0049,Black Aluminium Cup,Kitchen-Accessories,4,5.99,0.3,Credit Card,San Francisco,California,Cancelled,4.46
TXN000494,2026-05-07,C5372,P0020,Cooking Oil,Groceries,1,4.99,0.29,PayPal,New York City,New York,Processing,4.8
TXN000495,2026-04-28,C4270,P0088,Nike Air Jordan 1 Red And Black,Mens-Shoes,4,149.99,0.23,UPI,Buffalo,New York,Delivered,4.77
TXN000496,2026-08-13,C2964,P0046,Plant Pot,Home-Decoration,5,14.99,0.07,Net Banking,New York City,New York,Delivered,3.01
TXN000497,2025-10-15,C1880,P0097,Rolex Datejust,Mens-Watches,1,10999.99,0.05,UPI,Orlando,Florida,Delivered,3.66
TXN000498,2026-05-26,C1418,P0027,Honey Jar,Groceries,4,6.99,0.21,PayPal,Austin,Texas,Cancelled,3.97
TXN000499,2026-03-30,C8759,P0002,Eyeshadow Palette with Mirror,Beauty,3,19.99,0.26,Debit Card,Dallas,Texas,Cancelled,2.86
TXN000500,2026-08-26,C7175,P0028,Ice Cream,Groceries,4,5.49,0.29,UPI,Houston,Texas,Shipped,3.39
TXN000501,2026-09-14,C6080,P0045,House Showpiece Plant,Home-Decoration,5,39.99,0.04,PayPal,Austin,Texas,Delivered,4.67
TXN000502,2025-12-08,C4623,P0073,Spice Rack,Kitchen-Accessories,2,19.99,0.25,Net Banking,Orlando,Florida,Delivered,4.87
TXN000503,2025-10-26,C1288,P0073,Spice Rack,Kitchen-Accessories,2,19.99,0.03,Credit Card,New York City,New York,Delivered,4.87
TXN000504,2026-03-03,C7467,P0088,Nike Air Jordan 1 Red And Black,Mens-Shoes,1,149.99,0.12,UPI,Rochester,New York,Cancelled,4.77
TXN000505,2026-02-12,C1487,P0090,Puma Future Rider Trainers,Mens-Shoes,2,89.99,0.13,Credit Card,Orlando,Florida,Shipped,4.9
TXN000506,2026-04-10,C9093,P0080,Huawei Matebook X Pro,Laptops,1,1399.99,0.07,UPI,Rochester,New York,Shipped,4.98
TXN000507,2025-10-10,C6401,P0035,Potatoes,Groceries,5,2.29,0.19,Debit Card,Houston,Texas,Cancelled,4.81
TXN000508,2026-01-21,C1537,P0050,Black Whisk,Kitchen-Accessories,1,9.99,0.19,PayPal,Austin,Texas,Shipped,3.9
TXN000509,2025-12-17,C5506,P0065,Lunch Box,Kitchen-Accessories,2,12.99,0.14,Debit Card,Austin,Texas,Shipped,4.93
TXN000510,2025-12-22,C5884,P0090,Puma Future Rider Trainers,Mens-Shoes,5,89.99,0.28,Credit Card,San Francisco,California,Delivered,4.9
TXN000511,2026-05-31,C5444,P0048,Bamboo Spatula,,5,7.99,0.12,Debit Card,Tampa,Florida,Cancelled,3.27
TXN000512,2026-08-04,C8329,P0013,Bedside Table African Cherry,Furniture,4,299.99,0.13,PayPal,Orlando,Florida,Delivered,2.87
TXN000513,2025-11-28,C7692,P0072,Slotted Turner,Kitchen-Accessories,5,8.99,0.2,Credit Card,Rochester,New York,Processing,3.4
TXN000514,2026-07-30,C9836,P0095,Rolex Cellini Date Black Dial,Mens-Watches,3,8999.99,0.12,Net Banking,San Francisco,California,Processing,4.97
TXN000515,2025-10-27,C6553,P0086,Man Short Sleeve Shirt,Mens-Shirts,5,19.99,0.04,Net Banking,Miami,Florida,Cancelled,2.9
TXN000516,2026-06-05,C6266,P0076,Wooden Rolling Pin,Kitchen-Accessories,5,11.99,0.12,Debit Card,Houston,Texas,Delivered,2.92
TXN000517,2026-06-17,C1651,P0052,Carbon Steel Wok,Kitchen-Accessories,5,29.99,0.04,Credit Card,San Francisco,California,Processing,4.05
TXN000518,2026-04-03,C5008,P0072,Slotted Turner,Kitchen-Accessories,4,8.99,0.26,Debit Card,Buffalo,New York,Delivered,3.4
TXN000519,2025-11-24,C7186,P0050,Black Whisk,Kitchen-Accessories,1,9.99,0.05,UPI,San Francisco,California,Shipped,3.9
TXN000520,2025-12-22,C5573,P0082,New DELL XPS 13 9300 Laptop,Laptops,1,1499.99,0.29,Debit Card,Houston,Texas,Cancelled,2.67
TXN000521,2026-03-10,C3328,P0037,Red Onions,Groceries,3,1.99,0.09,PayPal,San Diego,California,Processing,4.2
TXN000522,2026-04-27,C6438,P0047,Table Lamp,Home-Decoration,4,49.99,0.25,PayPal,Miami,Florida,Delivered,3.55
TXN000523,2026-04-15,C4599,P0095,Rolex Cellini Date Black Dial,Mens-Watches,4,8999.99,0.04,Credit Card,San Francisco,California,Cancelled,4.97
TXN000524,2026-01-29,C4888,P0055,Egg Slicer,Kitchen-Accessories,1,6.99,0.3,Net Banking,San Diego,California,Delivered,3.09
TXN000525,2026-09-27,C6884,P0041,Tissue Paper Box,Groceries,3,2.49,0.2,Net Banking,Rochester,New York,Shipped,2.69
TXN000526,2026-07-04,C3690,P0089,Nike Baseball Cleats,Mens-Shoes,5,79.99,0.11,Debit Card,New York City,New York,Delivered,3.88
TXN000527,2025-11-17,C7744,P0007,Chanel Coco Noir Eau De,Fragrances,5,129.99,0.02,Debit Card,San Diego,California,Processing,4.26
TXN000528,2026-02-09,C6047,P0051,Boxed Blender,Kitchen-Accessories,2,39.99,0.26,Debit Card,Buffalo,New York,Processing,4.56
TXN000529,2026-05-01,C6582,P0008,Dior J'adore,Fragrances,5,89.99,0.27,Credit Card,Dallas,Texas,Shipped,3.8
TXN000530,2026-06-28,C8734,P0041,Tissue Paper Box,Groceries,2,2.49,0.14,Credit Card,Buffalo,New York,Delivered,2.69
TXN000531,2026-09-11,C1721,P0044,Family Tree Photo Frame,Home-Decoration,2,29.99,0.21,PayPal,Los Angeles,California,Shipped,4.53
TXN000532,2025-10-10,C5942,P0074,Spoon,Kitchen-Accessories,2,4.99,0.28,Debit Card,Houston,Texas,Processing,4.03
TXN000533,2026-03-12,C6796,P0060,Grater Black,Kitchen-Accessories,2,10.99,0.11,Debit Card,New York City,New York,Delivered,3.21
TXN000534,2025-11-05,C9616,P0080,Huawei Matebook X Pro,Laptops,1,1399.99,0.13,Net Banking,Rochester,New York,Shipped,4.98
TXN000535,2025-11-01,C8901,P0005,Red Nail Polish,Beauty,4,8.99,0.1,Credit Card,Los Angeles,California,Delivered,4.32
TXN000536,2026-01-23,C5701,P0079,Asus Zenbook Pro Dual Screen Laptop,Laptops,1,1799.99,0.07,Debit Card,Austin,Texas,Cancelled,3.95
TXN000537,2026-06-30,C4120,P0004,Red Lipstick,Beauty,5,12.99,0.06,PayPal,Los Angeles,California,Shipped,4.36
TXN000538,2026-06-09,C6169,P0028,Ice Cream,Groceries,1,5.49,0.29,Credit Card,Austin,Texas,Shipped,3.39
TXN000539,2025-10-06,C7556,P0039,Soft Drinks,Groceries,1,1.99,0.25,Debit Card,Rochester,New York,Processing,4.75
TXN000540,2025-10-13,C7180,P0068,Pan,Kitchen-Accessories,5,24.99,0.28,UPI,Buffalo,New York,Shipped,2.79
TXN000541,2026-02-17,C5089,P0035,Potatoes,Groceries,1,2.29,0.15,Debit Card,Dallas,Texas,Delivered,4.81
TXN000542,2025-11-03,C1717,P0060,Grater Black,Kitchen-Accessories,4,10.99,0.15,Credit Card,Austin,Texas,Delivered,3.21
TXN000543,2026-06-04,C4750,P0066,Microwave Oven,Kitchen-Accessories,5,89.99,0.05,Debit Card,Orlando,Florida,Shipped,4.82
TXN000544,2025-12-20,C5072,P0094,Longines Master Collection,Mens-Watches,1,1499.99,0.23,PayPal,Buffalo,New York,Delivered,3.87
TXN000545,2026-08-31,C2946,P0036,Protein Powder,Groceries,2,19.99,0.02,UPI,Austin,Texas,Shipped,4.18
TXN000546,2026-04-24,C8516,P0067,Mug Tree Stand,Kitchen-Accessories,2,15.99,0.13,Debit Card,Tampa,Florida,Shipped,2.64
TXN000547,2025-11-22,C6167,P0043,Decoration Swing,Home-Decoration,4,59.99,0.17,UPI,Dallas,Texas,Cancelled,3.16
TXN000548,2025-12-10,C9112,P0049,Black Aluminium Cup,Kitchen-Accessories,2,5.99,0.16,Credit Card,Orlando,Florida,Delivered,4.46
TXN000549,2026-01-15,C1346,P0066,Microwave Oven,Kitchen-Accessories,5,89.99,0.25,Debit Card,Los Angeles,California,Shipped,4.82
TXN000550,2025-11-22,C1535,P0086,Man Short Sleeve Shirt,Mens-Shirts,5,19.99,0.1,Net Banking,Austin,Texas,Delivered,2.9
TXN000551,2026-01-19,C1482,P0094,Longines Master Collection,Mens-Watches,1,1499.99,0.16,PayPal,Orlando,Florida,Processing,3.87
TXN000552,2026-05-10,C2938,P0021,Cucumber,Groceries,1,1.49,0.02,Credit Card,Miami,Florida,Processing,4.07
TXN000553,2026-01-19,C5858,P0021,Cucumber,Groceries,4,1.49,0.19,Net Banking,Dallas,Texas,Processing,4.07
TXN000554,2026-02-07,C7875,P0032,Milk,Groceries,3,3.49,0.07,Credit Card,San Diego,California,Shipped,2.61
TXN000555,2026-05-11,C4793,P0097,Rolex Datejust,Mens-Watches,1,10999.99,0.28,Net Banking,San Diego,California,Cancelled,3.66
TXN000556,2026-09-09,C2680,P0001,Essence Mascara Lash Princess,Beauty,3,9.99,0.21,PayPal,San Diego,California,Shipped,2.56
TXN000557,2025-12-02,C8043,P0074,Spoon,Kitchen-Accessories,2,4.99,0.29,UPI,San Diego,California,Processing,4.03
TXN000558,2026-08-04,C3217,P0049,Black Aluminium Cup,Kitchen-Accessories,4,5.99,0.1,Net Banking,Rochester,New York,Cancelled,4.46
TXN000559,2026-09-23,C2439,P0073,Spice Rack,Kitchen-Accessories,3,19.99,0.08,PayPal,Dallas,Texas,Delivered,4.87
TXN000560,2026-06-30,C3573,P0020,Cooking Oil,Groceries,5,4.99,0.18,Net Banking,New York City,New York,Processing,4.8
TXN000561,2026-03-18,C1615,P0085,Man Plaid Shirt,Mens-Shirts,1,34.99,0.05,PayPal,Rochester,New York,Delivered,3.46
TXN000562,2026-04-11,C8023,P0004,Red Lipstick,Beauty,1,12.99,0.21,UPI,Rochester,New York,Delivered,4.36
TXN000563,2026-05-11,C8590,P0090,Puma Future Rider Trainers,Mens-Shoes,3,89.99,0.04,UPI,Los Angeles,California,Cancelled,4.9
TXN000564,2026-03-15,C7021,P0013,Bedside Table African Cherry,Furniture,4,299.99,0.14,PayPal,San Diego,California,Processing,2.87
TXN000565,2026-10-05,C5605,P0078,Apple MacBook Pro 14 Inch Space Grey,Laptops,2,1999.99,0.08,UPI,San Francisco,California,Shipped,3.65
TXN000566,2025-11-22,C6373,P0021,Cucumber,Groceries,4,1.49,0.24,Credit Card,Miami,Florida,Processing,4.07
TXN000567,2026-07-23,C3045,P0036,Protein Powder,Groceries,5,19.99,0.15,Credit Card,Houston,Texas,Delivered,4.18
TXN000568,2026-06-05,C8076,P0081,Lenovo Yoga 920,Laptops,2,1099.99,0.16,Debit Card,Tampa,Florida,Delivered,2.86
TXN000569,2026-08-09,C1877,P0058,Fork,Kitchen-Accessories,4,3.99,0.07,Net Banking,Tampa,Florida,Cancelled,3.11
TXN000570,2026-09-04,C1745,P0006,Calvin Klein CK One,Fragrances,3,49.99,0.13,Debit Card,Miami,Florida,Delivered,4.37
TXN000571,2025-10-27,C1646,P0049,Black Aluminium Cup,Kitchen-Accessories,1,5.99,0.11,UPI,San Diego,California,Cancelled,4.46
TXN000572,2026-06-22,C6743,P0021,Cucumber,Groceries,2,1.49,0.09,Debit Card,Austin,Texas,Delivered,4.07
TXN000573,2026-09-01,C6333,P0070,Red Tongs,Kitchen-Accessories,2,6.99,0.2,Net Banking,Miami,Florida,Delivered,4.42
TXN000574,2026-02-03,C7348,P0092,Sports Sneakers Off White Red,Mens-Shoes,1,109.99,0.27,Credit Card,Buffalo,New York,Cancelled,4.69
TXN000575,2026-04-11,C5003,P0066,Microwave Oven,Kitchen-Accessories,2,89.99,0.13,UPI,Los Angeles,California,Delivered,4.82
TXN000576,2026-03-31,C5828,P0066,Microwave Oven,Kitchen-Accessories,5,89.99,0.21,Debit Card,New York City,New York,Cancelled,4.82
TXN000577,2025-11-20,C4318,P0076,Wooden Rolling Pin,Kitchen-Accessories,2,11.99,0.28,UPI,Buffalo,New York,Shipped,2.92
TXN000578,2026-01-02,C9622,P0069,Plate,Kitchen-Accessories,1,3.99,0.03,Debit Card,Houston,Texas,Shipped,3.65
TXN000579,2026-07-26,C7142,P0035,Potatoes,,5,2.29,0.0,Net Banking,San Diego,California,Delivered,4.81
TXN000580,2026-01-12,C1535,P0018,Cat Food,Groceries,3,8.99,0.15,Net Banking,Houston,Texas,Delivered,3.13
TXN000581,2025-12-10,C3731,P0011,Annibale Colombo Bed,Furniture,1,1899.99,0.05,Debit Card,Miami,Florida,Cancelled,4.77
TXN000582,2026-03-07,C3492,P0036,Protein Powder,Groceries,3,19.99,0.11,Net Banking,Miami,Florida,Delivered,4.18
TXN000583,2026-06-02,C2747,P0082,New DELL XPS 13 9300 Laptop,Laptops,4,1499.99,0.1,Net Banking,Rochester,New York,Processing,2.67
TXN000584,2026-08-01,C8760,P0024,Fish Steak,Groceries,5,14.99,0.06,PayPal,Rochester,New York,Cancelled,3.78
TXN000585,2025-11-12,C8774,P0094,Longines Master Collection,Mens-Watches,2,1499.99,0.19,Credit Card,Buffalo,New York,Processing,3.87
TXN000586,2026-07-20,C9904,P0098,Rolex Submariner Watch,,2,13999.99,0.17,PayPal,San Francisco,California,Shipped,2.69
TXN000587,2026-09-10,C6570,P0048,Bamboo Spatula,Kitchen-Accessories,2,7.99,0.0,UPI,Dallas,Texas,Processing,3.27
TXN000588,2026-01-22,C3006,P0076,Wooden Rolling Pin,Kitchen-Accessories,3,11.99,0.13,PayPal,Houston,Texas,Cancelled,2.92
TXN000589,2026-07-06,C8398,P0046,Plant Pot,Home-Decoration,1,14.99,0.07,Net Banking,Austin,Texas,Shipped,3.01
TXN000590,2026-08-01,C5985,P0089,Nike Baseball Cleats,Mens-Shoes,4,79.99,0.09,Debit Card,Miami,Florida,Processing,3.88
TXN000591,2026-09-05,C9714,P0093,Brown Leather Belt Watch,Mens-Watches,5,89.99,0.29,Net Banking,Dallas,Texas,Shipped,4.19
TXN000592,2026-10-04,C5773,P0098,Rolex Submariner Watch,Mens-Watches,5,13999.99,0.13,Net Banking,Dallas,Texas,Delivered,2.69
TXN000593,2026-04-22,C2248,P0045,House Showpiece Plant,Home-Decoration,5,39.99,0.3,PayPal,Tampa,Florida,Shipped,4.67
TXN000594,2026-09-23,C3658,P0065,Lunch Box,Kitchen-Accessories,2,12.99,0.16,Net Banking,Tampa,Florida,Processing,4.93
TXN000595,2026-08-27,C6989,P0018,Cat Food,Groceries,5,8.99,0.23,Credit Card,Rochester,New York,Delivered,3.13
TXN000596,2026-03-28,C3420,P0037,Red Onions,Groceries,3,1.99,0.16,Credit Card,Orlando,Florida,Delivered,4.2
TXN000597,2025-10-12,C4380,P0040,Strawberry,Groceries,1,3.99,0.24,PayPal,Miami,Florida,Cancelled,3.08
TXN000598,2026-06-03,C8471,P0053,Chopping Board,Kitchen-Accessories,2,12.99,0.2,UPI,San Francisco,California,Delivered,3.7
TXN000599,2025-12-29,C6767,P0057,Fine Mesh Strainer,Kitchen-Accessories,3,9.99,0.22,PayPal,San Francisco,California,Processing,3.04
TXN000600,2026-02-24,C8556,P0092,Sports Sneakers Off White Red,Mens-Shoes,5,109.99,0.09,UPI,Buffalo,New York,Cancelled,4.69
TXN000601,2026-06-24,C9278,P0094,Longines Master Collection,Mens-Watches,3,-1499.99,0.3,UPI,Miami,Florida,Delivered,3.87
TXN000602,2025-11-12,C7125,P0051,Boxed Blender,Kitchen-Accessories,2,39.99,0.24,PayPal,Buffalo,New York,Cancelled,4.56
TXN000603,2026-07-15,C6418,P0018,Cat Food,Groceries,1,8.99,0.2,UPI,Orlando,Florida,Shipped,3.13
TXN000604,2025-12-26,C2215,P0019,Chicken Meat,Groceries,1,9.99,0.14,Debit Card,Dallas,Texas,Shipped,3.19
TXN000605,2026-02-22,C6513,P0037,Red Onions,Groceries,4,1.99,0.26,Debit Card,Houston,Texas,Shipped,4.2
TXN000606,2026-01-04,C7460,P0007,Chanel Coco Noir Eau De,Fragrances,1,129.99,0.08,UPI,Tampa,Florida,Delivered,4.26
TXN000607,2025-10-19,C5135,P0024,Fish Steak,Groceries,4,14.99,0.14,Debit Card,Orlando,Florida,Delivered,3.78
TXN000608,2025-12-07,C5200,P0046,Plant Pot,Home-Decoration,5,14.99,0.02,Net Banking,Dallas,Texas,Delivered,3.01
TXN000609,2026-01-16,C4942,P0088,Nike Air Jordan 1 Red And Black,Mens-Shoes,1,149.99,0.0,Net Banking,Houston,Texas,Delivered,4.77
TXN000610,2026-09-18,C3795,P0015,Wooden Bathroom Sink With Mirror,Furniture,5,799.99,0.18,UPI,Los Angeles,California,Processing,3.59
TXN000611,2026-02-23,C6406,P0016,Apple,Groceries,1,1.99,0.05,Net Banking,Dallas,Texas,Processing,4.19
TXN000612,2026-05-16,C9506,P0028,Ice Cream,Groceries,1,5.49,0.29,Credit Card,Los Angeles,California,Delivered,3.39
TXN000613,2026-02-11,C3067,P0025,Green Bell Pepper,Groceries,1,1.29,0.17,PayPal,Dallas,Texas,Shipped,3.25
TXN000614,2026-02-24,C2976,P0010,Gucci Bloom Eau de,Fragrances,1,79.99,0.15,Credit Card,Dallas,Texas,Cancelled,2.74
TXN000615,2026-06-12,C4267,P0089,Nike Baseball Cleats,Mens-Shoes,3,79.99,0.16,Debit Card,Rochester,New York,Cancelled,3.88
TXN000616,2026-04-24,C3096,P0038,Rice,Groceries,4,5.99,0.23,UPI,Rochester,New York,Delivered,3.18
TXN000617,2025-12-07,C5661,P0063,Kitchen Sieve,Kitchen-Accessories,3,7.99,0.26,Debit Card,Buffalo,New York,Shipped,3.09
TXN000618,2026-02-07,C3222,P0050,Black Whisk,Kitchen-Accessories,1,9.99,0.04,UPI,Austin,Texas,Shipped,3.9
TXN000619,2026-08-10,C1750,P0001,Essence Mascara Lash Princess,Beauty,1,9.99,0.15,PayPal,Austin,Texas,Cancelled,2.56
TXN000620,2026-05-16,C9832,P0061,Hand Blender,Kitchen-Accessories,2,34.99,0.08,Net Banking,Buffalo,New York,Cancelled,3.86
TXN000621,2026-09-21,C6907,P0037,Red Onions,Groceries,4,1.99,0.27,Debit Card,Dallas,Texas,Processing,4.2
TXN000622,2026-07-29,C8221,P0093,Brown Leather Belt Watch,Mens-Watches,5,89.99,0.21,PayPal,Tampa,Florida,Cancelled,4.19
TXN000623,2026-05-16,C7388,P0001,Essence Mascara Lash Princess,Beauty,2,9.99,0.08,Credit Card,Orlando,Florida,Cancelled,2.56
TXN000624,2026-08-27,C8100,P0089,Nike Baseball Cleats,Mens-Shoes,1,79.99,0.22,Debit Card,Los Angeles,California,Delivered,3.88
TXN000625,2025-12-03,C3121,P0070,Red Tongs,Kitchen-Accessories,1,6.99,0.29,Net Banking,Houston,Texas,Processing,4.42
TXN000626,2026-02-10,C9622,P0009,Dolce Shine Eau de,Fragrances,5,69.99,0.25,UPI,Los Angeles,California,Processing,3.96
TXN000627,2026-03-19,C9579,P0043,Decoration Swing,Home-Decoration,2,59.99,0.03,Debit Card,San Diego,California,Shipped,3.16
TXN000628,2025-11-03,C9756,P0039,Soft Drinks,Groceries,5,1.99,0.25,Credit Card,Tampa,Florida,Shipped,4.75
TXN000629,2026-09-29,C9416,P0083,Blue & Black Check Shirt,Mens-Shirts,1,29.99,0.18,Net Banking,San Francisco,California,Shipped,3.64
TXN000630,2025-10-21,C6902,P0044,Family Tree Photo Frame,Home-Decoration,5,29.99,0.01,PayPal,Houston,Texas,Processing,4.53
TXN000631,2026-04-27,C7276,P0067,Mug Tree Stand,Kitchen-Accessories,5,15.99,0.26,PayPal,Miami,Florida,Delivered,2.64
TXN000632,2025-11-21,C5439,P0037,Red Onions,Groceries,2,1.99,0.21,Net Banking,San Francisco,California,Shipped,4.2
TXN000633,2026-07-26,C3256,P0067,Mug Tree Stand,Kitchen-Accessories,1,15.99,0.1,UPI,Buffalo,New York,Cancelled,2.64
TXN000634,2026-01-18,C5595,P0060,Grater Black,Kitchen-Accessories,2,10.99,0.11,Credit Card,Houston,Texas,Cancelled,3.21
TXN000635,2026-02-27,C1204,P0085,Man Plaid Shirt,Mens-Shirts,5,34.99,0.22,PayPal,Buffalo,New York,Delivered,3.46
TXN000636,2026-08-19,C7463,P0083,Blue & Black Check Shirt,Mens-Shirts,5,29.99,0.0,Debit Card,San Diego,California,Processing,3.64
TXN000637,2026-01-31,C2849,P0026,Green Chili Pepper,Groceries,2,-0.99,0.28,UPI,San Francisco,California,Cancelled,3.66
TXN000638,2026-09-22,C9450,P0027,Honey Jar,Groceries,2,6.99,0.29,UPI,San Francisco,California,Shipped,3.97
TXN000639,2026-09-28,C6943,P0029,Juice,Groceries,2,3.99,0.07,Net Banking,Los Angeles,California,Shipped,3.94
TXN000640,2025-11-05,C9223,P0015,Wooden Bathroom Sink With Mirror,Furniture,4,799.99,0.27,Net Banking,Orlando,Florida,Processing,3.59
TXN000641,2026-05-24,C6985,P0033,Mulberry,Groceries,1,4.99,0.18,Debit Card,Rochester,New York,Cancelled,4.95
TXN000642,2026-01-16,C7764,P0059,Glass,Kitchen-Accessories,3,4.99,0.02,Net Banking,Buffalo,New York,Cancelled,4.02
TXN000643,2026-04-23,C2565,P0059,Glass,Kitchen-Accessories,3,-4.99,0.23,UPI,Austin,Texas,Cancelled,4.02
TXN000644,2025-11-19,C1888,P0076,Wooden Rolling Pin,Kitchen-Accessories,5,11.99,0.02,UPI,Miami,Florida,Cancelled,2.92
TXN000645,2026-05-13,C1360,P0052,Carbon Steel Wok,Kitchen-Accessories,3,29.99,0.14,Net Banking,San Francisco,California,Processing,4.05
TXN000646,2026-05-19,C3273,P0066,Microwave Oven,Kitchen-Accessories,4,89.99,0.17,Debit Card,San Francisco,California,Delivered,4.82
TXN000647,2026-08-18,C6706,P0010,Gucci Bloom Eau de,Fragrances,2,79.99,0.17,Debit Card,Dallas,Texas,Shipped,2.74
TXN000648,2026-05-14,C7958,P0080,Huawei Matebook X Pro,Laptops,3,1399.99,0.16,UPI,Rochester,New York,Processing,4.98
TXN000649,2026-05-15,C3741,P0042,Water,Groceries,3,0.99,0.04,UPI,Austin,Texas,Cancelled,4.96
TXN000650,2026-02-07,C5182,P0085,Man Plaid Shirt,Mens-Shirts,1,34.99,0.24,Credit Card,Miami,Florida,Cancelled,3.46
TXN000651,2025-10-07,C6545,P0003,Powder Canister,,1,14.99,0.21,PayPal,Orlando,Florida,Processing,4.64
TXN000652,2026-04-15,C4725,P0016,Apple,Groceries,1,1.99,0.2,UPI,Miami,Florida,Shipped,4.19
TXN000653,2025-12-05,C2166,P0027,Honey Jar,Groceries,4,6.99,0.08,Credit Card,Los Angeles,California,Shipped,3.97
TXN000654,2025-11-09,C2834,P0078,Apple MacBook Pro 14 Inch Space Grey,Laptops,5,1999.99,0.19,Net Banking,New York City,New York,Delivered,3.65
TXN000655,2026-02-07,C1587,P0044,Family Tree Photo Frame,Home-Decoration,5,29.99,0.27,PayPal,Austin,Texas,Cancelled,4.53
TXN000656,2026-02-11,C9520,P0094,Longines Master Collection,Mens-Watches,2,1499.99,0.28,Debit Card,Tampa,Florida,Processing,3.87
TXN000657,2026-02-15,C6472,P0088,Nike Air Jordan 1 Red And Black,Mens-Shoes,5,149.99,0.17,Credit Card,Miami,Florida,Processing,4.77
TXN000658,2026-01-20,C5676,P0044,Family Tree Photo Frame,Home-Decoration,1,29.99,0.29,PayPal,Tampa,Florida,Shipped,4.53
TXN000659,2025-10-30,C5335,P0084,Gigabyte Aorus Men Tshirt,Mens-Shirts,3,24.99,0.21,PayPal,Los Angeles,California,Cancelled,3.18
TXN000660,2026-06-22,C1993,P0095,Rolex Cellini Date Black Dial,Mens-Watches,1,8999.99,0.1,Debit Card,Orlando,Florida,Processing,4.97
TXN000661,2026-09-04,C5860,P0097,Rolex Datejust,Mens-Watches,1,10999.99,0.13,Net Banking,Dallas,Texas,Delivered,3.66
TXN000662,2025-12-27,C5026,P0062,Ice Cube Tray,Kitchen-Accessories,4,5.99,0.02,UPI,San Diego,California,Shipped,4.71
TXN000663,2026-01-03,C3809,P0076,Wooden Rolling Pin,Kitchen-Accessories,3,11.99,0.11,UPI,Orlando,Florida,Delivered,2.92
TXN000664,2026-02-17,C5110,P0077,Yellow Peeler,,3,5.99,0.1,Credit Card,Miami,Florida,Cancelled,4.24
TXN000665,2026-07-13,C8217,P0057,Fine Mesh Strainer,Kitchen-Accessories,2,9.99,0.27,Credit Card,Buffalo,New York,Cancelled,3.04
TXN000666,2026-07-20,C6140,P0048,Bamboo Spatula,Kitchen-Accessories,5,7.99,0.1,UPI,Tampa,Florida,Processing,3.27
TXN000667,2026-08-23,C4782,P0008,Dior J'adore,Fragrances,3,89.99,0.12,Net Banking,Dallas,Texas,Delivered,3.8
TXN000668,2025-11-16,C6172,P0014,Knoll Saarinen Executive Conference Chair,Furniture,2,499.99,0.04,Debit Card,New York City,New York,Processing,4.88
TXN000669,2026-06-16,C3160,P0021,Cucumber,Groceries,3,1.49,0.14,Credit Card,San Diego,California,Shipped,4.07
TXN000670,2025-10-26,C8861,P0014,Knoll Saarinen Executive Conference Chair,Furniture,5,499.99,0.27,Net Banking,Los Angeles,California,Cancelled,4.88
TXN000671,2026-08-13,C6711,P0021,Cucumber,Groceries,1,1.49,0.29,UPI,Rochester,New York,Cancelled,4.07
TXN000672,2026-09-26,C2514,P0095,Rolex Cellini Date Black Dial,Mens-Watches,5,8999.99,0.0,PayPal,New York City,New York,Processing,4.97
TXN000673,2026-07-17,C5068,P0089,Nike Baseball Cleats,Mens-Shoes,3,79.99,0.07,Credit Card,Rochester,New York,Shipped,3.88
TXN000674,2026-06-19,C8860,P0019,Chicken Meat,Groceries,5,9.99,0.22,PayPal,Buffalo,New York,Processing,3.19
TXN000675,2026-07-17,C5997,P0057,Fine Mesh Strainer,Kitchen-Accessories,1,9.99,0.11,UPI,Dallas,Texas,Delivered,3.04
TXN000676,2025-10-10,C4463,P0044,Family Tree Photo Frame,Home-Decoration,1,29.99,0.21,Debit Card,San Francisco,California,Cancelled,4.53
TXN000677,2026-01-22,C7528,P0039,Soft Drinks,Groceries,5,1.99,0.21,UPI,Austin,Texas,Processing,4.75
TXN000678,2025-11-22,C2006,P0100,Apple Airpods,Mobile-Accessories,5,129.99,0.3,PayPal,Miami,Florida,Cancelled,4.15
TXN000679,2025-10-24,C2872,P0006,Calvin Klein CK One,Fragrances,4,49.99,0.18,PayPal,San Diego,California,Cancelled,4.37
TXN000680,2026-02-01,C3990,P0079,Asus Zenbook Pro Dual Screen Laptop,Laptops,5,-1799.99,0.25,PayPal,Dallas,Texas,Delivered,3.95
TXN000681,2026-02-08,C6514,P0058,Fork,Kitchen-Accessories,5,3.99,0.16,Net Banking,Dallas,Texas,Delivered,3.11
TXN000682,2025-11-29,C6402,P0043,Decoration Swing,Home-Decoration,2,59.99,0.28,UPI,Austin,Texas,Delivered,3.16
TXN000683,2025-11-30,C5489,P0099,Amazon Echo Plus,Mobile-Accessories,5,99.99,0.27,Net Banking,Austin,Texas,Processing,4.99
TXN000684,2025-12-25,C4818,P0091,Sports Sneakers Off White & Red,Mens-Shoes,1,119.99,0.16,Net Banking,Miami,Florida,Cancelled,4.77
TXN000685,2026-04-06,C3865,P0038,Rice,Groceries,4,5.99,0.26,UPI,Houston,Texas,Processing,3.18
TXN000686,2026-08-28,C7786,P0088,Nike Air Jordan 1 Red And Black,Mens-Shoes,5,149.99,0.0,Credit Card,Houston,Texas,Delivered,4.77
TXN000687,2026-02-11,C4279,P0053,Chopping Board,Kitchen-Accessories,5,12.99,0.27,Net Banking,Rochester,New York,Delivered,3.7
TXN000688,2026-09-20,C6926,P0024,Fish Steak,Groceries,5,14.99,0.07,Debit Card,Miami,Florida,Processing,3.78
TXN000689,2025-12-19,C3661,P0036,Protein Powder,Groceries,3,19.99,0.09,Credit Card,Houston,Texas,Processing,4.18
TXN000690,2025-11-18,C8969,P0025,Green Bell Pepper,Groceries,2,1.29,0.01,Net Banking,Austin,Texas,Processing,3.25
TXN000691,2026-05-28,C9800,P0044,Family Tree Photo Frame,Home-Decoration,5,29.99,0.1,Net Banking,Miami,Florida,Delivered,4.53
TXN000692,2026-04-15,C5474,P0007,Chanel Coco Noir Eau De,Fragrances,2,129.99,0.19,UPI,Rochester,New York,Cancelled,4.26
TXN000693,2026-02-26,C4443,P0069,Plate,Kitchen-Accessories,2,3.99,0.05,PayPal,San Diego,California,Processing,3.65
TXN000694,2025-12-30,C5964,P0097,Rolex Datejust,Mens-Watches,3,10999.99,0.09,Net Banking,Austin,Texas,Delivered,3.66
TXN000695,2026-03-25,C7211,P0099,Amazon Echo Plus,Mobile-Accessories,5,99.99,0.18,PayPal,San Francisco,California,Processing,4.99
TXN000696,2026-01-30,C2683,P0012,Annibale Colombo Sofa,Furniture,2,2499.99,0.16,Net Banking,Tampa,Florida,Processing,3.92
TXN000697,2026-07-13,C4832,P0036,Protein Powder,Groceries,1,19.99,0.2,PayPal,Los Angeles,California,Delivered,4.18
TXN000698,2026-10-05,C1663,P0092,Sports Sneakers Off White Red,Mens-Shoes,5,109.99,0.15,UPI,San Francisco,California,Delivered,4.69
TXN000699,2026-09-06,C7778,P0083,Blue & Black Check Shirt,Mens-Shirts,3,29.99,0.26,Credit Card,Los Angeles,California,Shipped,3.64
TXN000700,2026-03-19,C2449,P0085,Man Plaid Shirt,Mens-Shirts,1,34.99,0.22,Debit Card,Buffalo,New York,Delivered,3.46
TXN000701,2025-12-21,C4383,P0078,Apple MacBook Pro 14 Inch Space Grey,Laptops,5,1999.99,0.11,PayPal,Buffalo,New York,Processing,3.65
TXN000702,2026-05-15,C2047,P0039,Soft Drinks,Groceries,2,1.99,0.05,UPI,Tampa,Florida,Shipped,4.75
TXN000703,2026-05-07,C4720,P0085,Man Plaid Shirt,Mens-Shirts,5,34.99,0.27,PayPal,Dallas,Texas,Shipped,3.46
TXN000704,2025-12-14,C9871,P0066,Microwave Oven,Kitchen-Accessories,3,89.99,0.08,PayPal,Rochester,New York,Shipped,4.82
TXN000705,2025-12-14,C6281,P0009,Dolce Shine Eau de,Fragrances,3,69.99,0.16,Credit Card,Los Angeles,California,Shipped,3.96
TXN000706,2026-04-28,C1834,P0014,Knoll Saarinen Executive Conference Chair,Furniture,1,499.99,0.09,UPI,San Francisco,California,Cancelled,4.88
TXN000707,2026-04-10,C6408,P0078,Apple MacBook Pro 14 Inch Space Grey,Laptops,5,-1999.99,0.3,Debit Card,Orlando,Florida,Delivered,3.65
TXN000708,2026-01-28,C3956,P0011,Annibale Colombo Bed,Furniture,1,1899.99,0.08,Credit Card,Austin,Texas,Shipped,4.77
TXN000709,2026-03-15,C9500,P0046,Plant Pot,Home-Decoration,4,14.99,0.11,PayPal,Houston,Texas,Delivered,3.01
TXN000710,2026-08-11,C9778,P0006,Calvin Klein CK One,Fragrances,3,49.99,0.21,Credit Card,Dallas,Texas,Delivered,4.37
TXN000711,2026-08-02,C3349,P0038,Rice,Groceries,4,5.99,0.07,UPI,Miami,Florida,Delivered,3.18
TXN000712,2026-05-10,C2545,P0065,Lunch Box,Kitchen-Accessories,5,12.99,0.23,PayPal,San Francisco,California,Shipped,4.93
TXN000713,2026-04-02,C4164,P0006,Calvin Klein CK One,Fragrances,2,49.99,0.18,Debit Card,San Francisco,California,Shipped,4.37
TXN000714,2026-04-29,C5454,P0020,Cooking Oil,Groceries,1,4.99,0.28,UPI,New York City,New York,Delivered,4.8
TXN000715,2026-01-07,C8368,P0092,Sports Sneakers Off White Red,Mens-Shoes,4,109.99,0.13,UPI,New York City,New York,Shipped,4.69
TXN000716,2025-11-12,C9117,P0087,Men Check Shirt,,3,27.99,0.07,UPI,Rochester,New York,Cancelled,2.72
TXN000717,2026-07-01,C8146,P0013,Bedside Table African Cherry,Furniture,3,299.99,0.07,UPI,Houston,Texas,Shipped,2.87
TXN000718,2026-03-24,C8973,P0012,Annibale Colombo Sofa,Furniture,5,2499.99,0.06,Net Banking,San Diego,California,Processing,3.92
TXN000719,2025-10-20,C5965,P0086,Man Short Sleeve Shirt,Mens-Shirts,4,19.99,0.14,PayPal,Los Angeles,California,Processing,2.9
TXN000720,2026-06-02,C8679,P0089,Nike Baseball Cleats,Mens-Shoes,1,79.99,0.05,Net Banking,Dallas,Texas,Cancelled,3.88
TXN000721,2026-03-11,C5916,P0081,Lenovo Yoga 920,Laptops,5,1099.99,0.12,Net Banking,Miami,Florida,Cancelled,2.86
TXN000722,2026-07-03,C3266,P0030,Kiwi,Groceries,3,2.49,0.22,Debit Card,Orlando,Florida,Processing,4.93
TXN000723,2026-01-04,C8292,P0006,Calvin Klein CK One,Fragrances,3,49.99,0.26,Debit Card,Rochester,New York,Delivered,4.37
TXN000724,2026-03-29,C9012,P0083,Blue & Black Check Shirt,Mens-Shirts,1,29.99,0.12,Credit Card,Buffalo,New York,Delivered,3.64
TXN000725,2025-12-05,C5807,P0095,Rolex Cellini Date Black Dial,Mens-Watches,5,8999.99,0.08,Net Banking,Houston,Texas,Cancelled,4.97
TXN000726,2025-10-12,C4369,P0087,Men Check Shirt,Mens-Shirts,4,27.99,0.01,UPI,San Diego,California,Shipped,2.72
TXN000727,2025-10-28,C1246,P0098,Rolex Submariner Watch,Mens-Watches,4,13999.99,0.13,Net Banking,Houston,Texas,Shipped,2.69
TXN000728,2026-06-19,C5708,P0085,Man Plaid Shirt,Mens-Shirts,3,34.99,0.09,UPI,Buffalo,New York,Cancelled,3.46
TXN000729,2025-10-30,C2604,P0069,Plate,,5,3.99,0.02,Credit Card,New York City,New York,Shipped,3.65
TXN000730,2026-05-07,C7380,P0047,Table Lamp,Home-Decoration,2,49.99,0.27,PayPal,Dallas,Texas,Delivered,3.55
TXN000731,2025-12-29,C4966,P0100,Apple Airpods,Mobile-Accessories,2,129.99,0.24,UPI,Buffalo,New York,Shipped,4.15
TXN000732,2026-01-08,C3134,P0083,Blue & Black Check Shirt,Mens-Shirts,2,29.99,0.14,Credit Card,Dallas,Texas,Shipped,3.64
TXN000733,2026-05-12,C9808,P0093,Brown Leather Belt Watch,Mens-Watches,4,89.99,0.16,Credit Card,San Francisco,California,Cancelled,4.19
TXN000734,2026-05-24,C6699,P0036,Protein Powder,Groceries,5,19.99,0.3,PayPal,Rochester,New York,Processing,4.18
TXN000735,2026-02-04,C4388,P0046,Plant Pot,Home-Decoration,4,14.99,0.16,Debit Card,San Francisco,California,Delivered,3.01
TXN000736,2026-05-21,C7673,P0040,Strawberry,Groceries,5,3.99,0.12,PayPal,New York City,New York,Processing,3.08
TXN000737,2026-04-16,C7435,P0042,Water,Groceries,4,0.99,0.11,Net Banking,Tampa,Florida,Shipped,4.96
TXN000738,2026-05-22,C9876,P0059,Glass,Kitchen-Accessories,4,4.99,0.11,PayPal,Miami,Florida,Shipped,4.02
TXN000739,2026-07-22,C1536,P0081,Lenovo Yoga 920,Laptops,3,1099.99,0.06,UPI,Los Angeles,California,Delivered,2.86
TXN000740,2026-04-21,C8833,P0050,Black Whisk,Kitchen-Accessories,4,9.99,0.02,PayPal,Los Angeles,California,Processing,3.9
TXN000741,2026-08-05,C3711,P0009,Dolce Shine Eau de,Fragrances,5,69.99,0.04,PayPal,Buffalo,New York,Shipped,3.96
TXN000742,2026-03-22,C5783,P0015,Wooden Bathroom Sink With Mirror,Furniture,1,799.99,0.26,Debit Card,Austin,Texas,Delivered,3.59
TXN000743,2026-05-09,C2075,P0078,Apple MacBook Pro 14 Inch Space Grey,Laptops,5,1999.99,0.14,UPI,Buffalo,New York,Cancelled,3.65
TXN000744,2026-07-23,C9587,P0073,Spice Rack,,2,19.99,0.05,PayPal,Orlando,Florida,Shipped,4.87
TXN000745,2025-11-06,C1366,P0040,Strawberry,Groceries,5,3.99,0.09,Credit Card,Los Angeles,California,Shipped,3.08
TXN000746,2026-07-13,C9924,P0070,Red Tongs,Kitchen-Accessories,4,6.99,0.28,Net Banking,New York City,New York,Shipped,4.42
TXN000747,2026-03-15,C6197,P0053,Chopping Board,Kitchen-Accessories,5,12.99,0.11,Credit Card,Rochester,New York,Delivered,3.7
TXN000748,2025-10-24,C2398,P0049,Black Aluminium Cup,,3,5.99,0.04,Credit Card,Miami,Florida,Cancelled,4.46
TXN000749,2025-10-16,C1536,P0019,Chicken Meat,Groceries,3,9.99,0.27,UPI,Austin,Texas,Processing,3.19
TXN000750,2026-02-16,C8751,P0013,Bedside Table African Cherry,Furniture,1,299.99,0.14,Debit Card,Buffalo,New York,Cancelled,2.87
TXN000751,2026-01-13,C9848,P0085,Man Plaid Shirt,Mens-Shirts,1,34.99,0.28,Net Banking,Austin,Texas,Shipped,3.46
TXN000752,2025-10-06,C3130,P0056,Electric Stove,Kitchen-Accessories,4,49.99,0.2,PayPal,Tampa,Florida,Processing,4.11
TXN000753,2025-11-08,C4524,P0055,Egg Slicer,Kitchen-Accessories,3,6.99,0.26,PayPal,San Diego,California,Delivered,3.09
TXN000754,2025-12-26,C7797,P0076,Wooden Rolling Pin,Kitchen-Accessories,5,11.99,0.23,Debit Card,Austin,Texas,Processing,2.92
TXN000755,2026-06-07,C6319,P0056,Electric Stove,Kitchen-Accessories,2,49.99,0.14,UPI,San Francisco,California,Cancelled,4.11
TXN000756,2026-09-10,C6809,P0028,Ice Cream,Groceries,4,5.49,0.12,PayPal,Buffalo,New York,Processing,3.39
TXN000757,2026-04-01,C9396,P0077,Yellow Peeler,Kitchen-Accessories,2,5.99,0.07,Credit Card,New York City,New York,Cancelled,4.24
TXN000758,2026-05-27,C4691,P0089,Nike Baseball Cleats,,1,79.99,0.22,PayPal,New York City,New York,Cancelled,3.88
TXN000759,2026-07-19,C6879,P0011,Annibale Colombo Bed,Furniture,4,1899.99,0.15,UPI,New York City,New York,Delivered,4.77
TXN000760,2026-02-03,C7587,P0067,Mug Tree Stand,Kitchen-Accessories,4,15.99,0.08,PayPal,Dallas,Texas,Cancelled,2.64
TXN000761,2026-06-01,C2145,P0050,Black Whisk,Kitchen-Accessories,4,9.99,0.13,PayPal,San Francisco,California,Delivered,3.9
TXN000762,2025-11-19,C6377,P0057,Fine Mesh Strainer,Kitchen-Accessories,5,9.99,0.24,UPI,Austin,Texas,Processing,3.04
TXN000763,2026-06-17,C5165,P0057,Fine Mesh Strainer,Kitchen-Accessories,2,9.99,0.24,UPI,Austin,Texas,Shipped,3.04
TXN000764,2026-05-14,C2511,P0099,Amazon Echo Plus,Mobile-Accessories,5,99.99,0.25,Net Banking,Houston,Texas,Shipped,4.99
TXN000765,2026-09-05,C3884,P0037,Red Onions,Groceries,4,1.99,0.01,Credit Card,Orlando,Florida,Cancelled,4.2
TXN000766,2026-03-06,C6847,P0031,Lemon,Groceries,4,0.79,0.14,UPI,Dallas,Texas,Processing,3.53
TXN000767,2026-08-23,C1435,P0077,Yellow Peeler,Kitchen-Accessories,3,5.99,0.26,UPI,New York City,New York,Shipped,4.24
TXN000768,2026-01-06,C3437,P0002,Eyeshadow Palette with Mirror,Beauty,3,19.99,0.29,PayPal,Austin,Texas,Processing,2.86
TXN000769,2025-12-19,C8119,P0048,Bamboo Spatula,Kitchen-Accessories,3,7.99,0.26,UPI,Tampa,Florida,Processing,3.27
TXN000770,2026-05-03,C2618,P0006,Calvin Klein CK One,Fragrances,1,49.99,0.21,PayPal,Buffalo,New York,Delivered,4.37
TXN000771,2026-07-30,C4835,P0069,Plate,Kitchen-Accessories,4,3.99,0.09,Credit Card,Houston,Texas,Shipped,3.65
TXN000772,2026-09-16,C5008,P0092,Sports Sneakers Off White Red,Mens-Shoes,5,109.99,0.11,PayPal,Tampa,Florida,Shipped,4.69
TXN000773,2026-06-02,C3849,P0031,Lemon,Groceries,5,0.79,0.29,Credit Card,Orlando,Florida,Cancelled,3.53
TXN000774,2026-01-29,C1073,P0039,Soft Drinks,Groceries,4,1.99,0.26,PayPal,Tampa,Florida,Delivered,4.75
TXN000775,2026-04-23,C5690,P0004,Red Lipstick,Beauty,2,12.99,0.19,PayPal,Orlando,Florida,Shipped,4.36
TXN000776,2026-01-07,C2378,P0019,Chicken Meat,Groceries,2,9.99,0.09,PayPal,New York City,New York,Cancelled,3.19
TXN000777,2025-12-16,C6127,P0055,Egg Slicer,Kitchen-Accessories,2,6.99,0.26,PayPal,Miami,Florida,Shipped,3.09
TXN000778,2026-04-29,C4241,P0072,Slotted Turner,Kitchen-Accessories,2,8.99,0.01,UPI,Orlando,Florida,Shipped,3.4
TXN000779,2026-08-21,C8359,P0060,Grater Black,Kitchen-Accessories,5,10.99,0.18,Debit Card,Dallas,Texas,Shipped,3.21
TXN000780,2026-03-30,C4214,P0034,Nescafe Coffee,Groceries,3,7.99,0.3,PayPal,Buffalo,New York,Delivered,4.82
TXN000781,2026-02-14,C8164,P0064,Knife,Kitchen-Accessories,3,14.99,0.09,Credit Card,San Francisco,California,Delivered,3.26
TXN000782,2025-12-28,C1954,P0023,Eggs,Groceries,5,2.99,0.03,Debit Card,Austin,Texas,Cancelled,2.53
TXN000783,2025-10-10,C7467,P0100,Apple Airpods,Mobile-Accessories,2,129.99,0.27,PayPal,Orlando,Florida,Cancelled,4.15
TXN000784,2026-04-01,C7040,P0034,Nescafe Coffee,Groceries,5,7.99,0.11,UPI,Tampa,Florida,Delivered,4.82
TXN000785,2026-05-03,C4446,P0021,Cucumber,Groceries,4,1.49,0.21,Debit Card,Los Angeles,California,Shipped,4.07
TXN000786,2026-04-14,C1125,P0071,Silver Pot With Glass Cap,Kitchen-Accessories,5,39.99,0.26,Credit Card,Los Angeles,California,Processing,3.22
TXN000787,2026-02-19,C9891,P0023,Eggs,Groceries,4,2.99,0.03,Net Banking,Los Angeles,California,Delivered,2.53
TXN000788,2025-12-26,C3470,P0011,Annibale Colombo Bed,Furniture,4,1899.99,0.21,Credit Card,San Francisco,California,Processing,4.77
TXN000789,2025-12-04,C7217,P0075,Tray,Kitchen-Accessories,4,16.99,0.19,UPI,Houston,Texas,Delivered,4.62
TXN000790,2026-04-28,C7663,P0036,Protein Powder,Groceries,2,19.99,0.12,UPI,Rochester,New York,Processing,4.18
TXN000791,2026-03-07,C1216,P0001,Essence Mascara Lash Princess,Beauty,5,9.99,0.06,Credit Card,New York City,New York,Delivered,2.56
TXN000792,2026-02-16,C6444,P0027,Honey Jar,Groceries,5,6.99,0.07,Credit Card,Tampa,Florida,Cancelled,3.97
TXN000793,2026-01-04,C9063,P0100,Apple Airpods,Mobile-Accessories,5,129.99,0.02,UPI,Tampa,Florida,Delivered,4.15
TXN000794,2026-01-08,C4604,P0085,Man Plaid Shirt,,5,34.99,0.11,UPI,Tampa,Florida,Cancelled,3.46
TXN000795,2026-06-13,C7514,P0010,Gucci Bloom Eau de,Fragrances,5,79.99,0.18,UPI,Buffalo,New York,Processing,2.74
TXN000796,2026-06-14,C3261,P0054,Citrus Squeezer Yellow,,2,8.99,0.03,Debit Card,Tampa,Florida,Delivered,4.63
TXN000797,2025-12-15,C5062,P0008,Dior J'adore,Fragrances,5,89.99,0.17,Debit Card,New York City,New York,Cancelled,3.8
TXN000798,2025-12-14,C8360,P0047,Table Lamp,Home-Decoration,4,49.99,0.02,Credit Card,San Francisco,California,Processing,3.55
TXN000799,2025-11-08,C5974,P0078,Apple MacBook Pro 14 Inch Space Grey,Laptops,5,1999.99,0.13,Debit Card,Orlando,Florida,Delivered,3.65
TXN000800,2026-02-21,C2558,P0098,Rolex Submariner Watch,Mens-Watches,1,-13999.99,0.1,PayPal,Tampa,Florida,Cancelled,2.69
TXN000801,2026-03-23,C7127,P0023,Eggs,Groceries,2,2.99,0.29,Debit Card,Miami,Florida,Cancelled,2.53
TXN000802,2026-05-06,C4159,P0079,Asus Zenbook Pro Dual Screen Laptop,Laptops,1,1799.99,0.22,Net Banking,Tampa,Florida,Shipped,3.95
TXN000803,2025-10-28,C7560,P0025,Green Bell Pepper,Groceries,5,1.29,0.12,Debit Card,Los Angeles,California,Delivered,3.25
TXN000804,2026-06-09,C7723,P0083,Blue & Black Check Shirt,Mens-Shirts,4,29.99,0.23,Credit Card,San Diego,California,Delivered,3.64
TXN000805,2026-06-27,C7300,P0037,Red Onions,Groceries,5,1.99,0.21,PayPal,Houston,Texas,Delivered,4.2
TXN000806,2026-05-29,C2293,P0060,Grater Black,Kitchen-Accessories,4,10.99,0.11,Net Banking,Buffalo,New York,Cancelled,3.21
TXN000807,2026-03-16,C3053,P0025,Green Bell Pepper,Groceries,2,1.29,0.1,Credit Card,Los Angeles,California,Delivered,3.25
TXN000808,2026-03-29,C6649,P0062,Ice Cube Tray,Kitchen-Accessories,3,5.99,0.13,Credit Card,Orlando,Florida,Delivered,4.71
TXN000809,2026-02-08,C2831,P0090,Puma Future Rider Trainers,Mens-Shoes,3,89.99,0.03,Net Banking,San Francisco,California,Cancelled,4.9
TXN000810,2026-01-15,C3665,P0047,Table Lamp,Home-Decoration,5,49.99,0.1,Net Banking,Houston,Texas,Shipped,3.55
TXN000811,2026-08-08,C9591,P0096,Rolex Cellini Moonphase,Mens-Watches,1,12999.99,0.13,Net Banking,Tampa,Florida,Shipped,2.58
TXN000812,2026-05-13,C9361,P0089,Nike Baseball Cleats,Mens-Shoes,4,79.99,0.03,Debit Card,Miami,Florida,Cancelled,3.88
TXN000813,2026-04-16,C3451,P0009,Dolce Shine Eau de,,1,69.99,0.3,UPI,San Diego,California,Processing,3.96
TXN000814,2026-08-26,C2748,P0098,Rolex Submariner Watch,Mens-Watches,3,13999.99,0.03,Net Banking,Austin,Texas,Shipped,2.69
TXN000815,2025-12-25,C7211,P0035,Potatoes,Groceries,2,2.29,0.09,Net Banking,Miami,Florida,Processing,4.81
TXN000816,2026-04-16,C3907,P0054,Citrus Squeezer Yellow,Kitchen-Accessories,5,8.99,0.22,Debit Card,Los Angeles,California,Shipped,4.63
TXN000817,2026-03-02,C3411,P0027,Honey Jar,Groceries,3,6.99,0.12,PayPal,New York City,New York,Processing,3.97
TXN000818,2026-08-06,C1720,P0098,Rolex Submariner Watch,Mens-Watches,5,13999.99,0.01,Net Banking,Los Angeles,California,Delivered,2.69
TXN000819,2026-01-18,C2554,P0081,Lenovo Yoga 920,Laptops,1,1099.99,0.13,UPI,San Francisco,California,Processing,2.86
TXN000820,2026-06-06,C7972,P0098,Rolex Submariner Watch,Mens-Watches,2,13999.99,0.19,PayPal,New York City,New York,Shipped,2.69
TXN000821,2026-08-06,C3821,P0075,Tray,Kitchen-Accessories,3,16.99,0.12,Net Banking,Buffalo,New York,Shipped,4.62
TXN000822,2025-11-19,C9723,P0048,Bamboo Spatula,Kitchen-Accessories,2,7.99,0.11,Credit Card,Tampa,Florida,Shipped,3.27
TXN000823,2025-10-11,C9813,P0015,Wooden Bathroom Sink With Mirror,Furniture,3,799.99,0.17,Debit Card,Rochester,New York,Processing,3.59
TXN000824,2026-02-02,C6753,P0006,Calvin Klein CK One,Fragrances,5,49.99,0.03,Debit Card,San Francisco,California,Delivered,4.37
TXN000825,2026-03-31,C8637,P0020,Cooking Oil,Groceries,4,4.99,0.28,Net Banking,Orlando,Florida,Processing,4.8
TXN000826,2026-03-12,C5166,P0099,Amazon Echo Plus,Mobile-Accessories,5,99.99,0.12,Credit Card,Los Angeles,California,Shipped,4.99
TXN000827,2026-01-21,C5905,P0018,Cat Food,Groceries,2,8.99,0.22,PayPal,Dallas,Texas,Shipped,3.13
TXN000828,2026-03-02,C6549,P0087,Men Check Shirt,Mens-Shirts,1,27.99,0.04,PayPal,Austin,Texas,Processing,2.72
TXN000829,2026-08-27,C4398,P0072,Slotted Turner,Kitchen-Accessories,3,8.99,0.13,UPI,Miami,Florida,Delivered,3.4
TXN000830,2026-08-18,C9902,P0061,Hand Blender,Kitchen-Accessories,4,34.99,0.15,Debit Card,Rochester,New York,Processing,3.86
TXN000831,2026-06-07,C2941,P0037,Red Onions,Groceries,5,1.99,0.27,Debit Card,Miami,Florida,Shipped,4.2
TXN000832,2026-05-15,C1934,P0078,Apple MacBook Pro 14 Inch Space Grey,Laptops,1,1999.99,0.01,Debit Card,Houston,Texas,Processing,3.65
TXN000833,2026-02-04,C6740,P0049,Black Aluminium Cup,Kitchen-Accessories,4,5.99,0.15,UPI,Orlando,Florida,Delivered,4.46
TXN000834,2026-04-29,C9822,P0061,Hand Blender,Kitchen-Accessories,2,34.99,0.2,Credit Card,Dallas,Texas,Shipped,3.86
TXN000835,2026-02-15,C5023,P0083,Blue & Black Check Shirt,Mens-Shirts,5,29.99,0.14,PayPal,Dallas,Texas,Cancelled,3.64
TXN000836,2026-09-04,C1680,P0086,Man Short Sleeve Shirt,,1,19.99,0.16,PayPal,San Diego,California,Shipped,2.9
TXN000837,2026-05-24,C6941,P0035,Potatoes,Groceries,2,2.29,0.29,Net Banking,Rochester,New York,Shipped,4.81
TXN000838,2026-03-11,C5065,P0001,Essence Mascara Lash Princess,Beauty,4,-9.99,0.16,PayPal,Buffalo,New York,Processing,2.56
TXN000839,2025-12-23,C8765,P0073,Spice Rack,Kitchen-Accessories,3,19.99,0.01,PayPal,New York City,New York,Cancelled,4.87
TXN000840,2026-02-13,C2094,P0071,Silver Pot With Glass Cap,Kitchen-Accessories,5,39.99,0.01,Net Banking,Dallas,Texas,Processing,3.22
TXN000841,2026-08-08,C5330,P0076,Wooden Rolling Pin,Kitchen-Accessories,4,11.99,0.12,Debit Card,Buffalo,New York,Cancelled,2.92
TXN000842,2025-11-01,C3949,P0082,New DELL XPS 13 9300 Laptop,Laptops,1,1499.99,0.02,PayPal,Houston,Texas,Processing,2.67
TXN000843,2025-11-11,C6581,P0001,Essence Mascara Lash Princess,Beauty,4,9.99,0.06,UPI,Tampa,Florida,Processing,2.56
TXN000844,2026-03-27,C4455,P0056,Electric Stove,Kitchen-Accessories,2,49.99,0.21,UPI,Miami,Florida,Cancelled,4.11
TXN000845,2026-06-02,C9259,P0057,Fine Mesh Strainer,Kitchen-Accessories,4,9.99,0.25,UPI,Dallas,Texas,Processing,3.04
TXN000846,2025-12-02,C4485,P0100,Apple Airpods,Mobile-Accessories,5,129.99,0.08,Debit Card,Austin,Texas,Processing,4.15
TXN000847,2026-07-05,C2211,P0018,Cat Food,Groceries,5,8.99,0.26,UPI,Orlando,Florida,Delivered,3.13
TXN000848,2026-02-01,C9797,P0031,Lemon,Groceries,3,0.79,0.28,Net Banking,New York City,New York,Shipped,3.53
TXN000849,2026-02-13,C6455,P0077,Yellow Peeler,Kitchen-Accessories,5,5.99,0.11,Credit Card,San Francisco,California,Cancelled,4.24
TXN000850,2026-02-22,C2521,P0075,Tray,Kitchen-Accessories,1,16.99,0.2,Debit Card,Buffalo,New York,Cancelled,4.62
TXN000851,2025-11-07,C2335,P0005,Red Nail Polish,Beauty,1,8.99,0.3,UPI,Orlando,Florida,Shipped,4.32
TXN000852,2026-01-30,C7788,P0012,Annibale Colombo Sofa,Furniture,3,2499.99,0.16,Debit Card,New York City,New York,Shipped,3.92
TXN000853,2025-12-11,C7218,P0025,Green Bell Pepper,Groceries,4,1.29,0.03,UPI,Austin,Texas,Cancelled,3.25
TXN000854,2026-04-03,C5428,P0091,Sports Sneakers Off White & Red,Mens-Shoes,1,119.99,0.12,PayPal,San Francisco,California,Processing,4.77
TXN000855,2026-03-21,C6005,P0008,Dior J'adore,Fragrances,2,89.99,0.29,UPI,Miami,Florida,Cancelled,3.8
TXN000856,2026-01-12,C2776,P0092,Sports Sneakers Off White Red,Mens-Shoes,4,109.99,0.16,UPI,Austin,Texas,Delivered,4.69
TXN000857,2026-09-25,C1923,P0075,Tray,Kitchen-Accessories,3,16.99,0.3,UPI,Houston,Texas,Processing,4.62
TXN000858,2026-06-05,C7646,P0034,Nescafe Coffee,Groceries,2,7.99,0.12,Credit Card,Orlando,Florida,Cancelled,4.82
TXN000859,2026-07-13,C5191,P0044,Family Tree Photo Frame,Home-Decoration,5,29.99,0.24,UPI,San Francisco,California,Shipped,4.53
TXN000860,2025-10-09,C9484,P0014,Knoll Saarinen Executive Conference Chair,Furniture,3,499.99,0.19,UPI,Tampa,Florida,Shipped,4.88
TXN000861,2026-03-16,C9202,P0039,Soft Drinks,Groceries,5,1.99,0.27,UPI,Miami,Florida,Delivered,4.75
TXN000862,2026-02-28,C5526,P0048,Bamboo Spatula,Kitchen-Accessories,5,7.99,0.11,Credit Card,San Francisco,California,Shipped,3.27
TXN000863,2025-10-19,C1360,P0004,Red Lipstick,Beauty,2,12.99,0.21,PayPal,San Francisco,California,Cancelled,4.36
TXN000864,2026-08-21,C3316,P0064,Knife,Kitchen-Accessories,1,14.99,0.3,UPI,Miami,Florida,Delivered,3.26
TXN000865,2026-01-06,C5771,P0067,Mug Tree Stand,Kitchen-Accessories,3,15.99,0.21,PayPal,San Diego,California,Shipped,2.64
TXN000866,2026-04-09,C6530,P0060,Grater Black,Kitchen-Accessories,5,10.99,0.27,PayPal,Los Angeles,California,Cancelled,3.21
TXN000867,2026-08-21,C6076,P0061,Hand Blender,Kitchen-Accessories,4,34.99,0.11,Net Banking,Orlando,Florida,Processing,3.86
TXN000868,2025-12-10,C4197,P0099,Amazon Echo Plus,Mobile-Accessories,3,99.99,0.06,PayPal,Los Angeles,California,Cancelled,4.99
TXN000869,2026-03-02,C3743,P0050,Black Whisk,Kitchen-Accessories,2,9.99,0.14,Debit Card,New York City,New York,Processing,3.9
TXN000870,2026-07-24,C9213,P0067,Mug Tree Stand,Kitchen-Accessories,1,15.99,0.29,Debit Card,San Francisco,California,Shipped,2.64
TXN000871,2026-09-22,C9482,P0051,Boxed Blender,Kitchen-Accessories,3,39.99,0.12,Net Banking,New York City,New York,Delivered,4.56
TXN000872,2026-04-11,C3255,P0061,Hand Blender,Kitchen-Accessories,1,34.99,0.07,PayPal,Los Angeles,California,Processing,3.86
TXN000873,2026-03-19,C7796,P0017,Beef Steak,Groceries,4,12.99,0.08,Credit Card,Los Angeles,California,Delivered,4.47
TXN000874,2026-05-12,C4437,P0066,Microwave Oven,Kitchen-Accessories,3,89.99,0.09,Debit Card,San Francisco,California,Processing,4.82
TXN000875,2025-12-16,C3210,P0017,Beef Steak,Groceries,5,12.99,0.02,Debit Card,San Diego,California,Delivered,4.47
TXN000876,2026-02-12,C7674,P0019,Chicken Meat,Groceries,3,9.99,0.16,PayPal,Los Angeles,California,Cancelled,3.19
TXN000877,2026-02-22,C5301,P0024,Fish Steak,Groceries,4,14.99,0.01,Debit Card,Rochester,New York,Cancelled,3.78
TXN000878,2025-12-22,C7822,P0076,Wooden Rolling Pin,Kitchen-Accessories,5,11.99,0.05,Credit Card,Rochester,New York,Shipped,2.92
TXN000879,2026-09-30,C3229,P0097,Rolex Datejust,Mens-Watches,4,10999.99,0.2,Debit Card,Dallas,Texas,Delivered,3.66
TXN000880,2025-11-18,C6274,P0079,Asus Zenbook Pro Dual Screen Laptop,Laptops,4,1799.99,0.08,Credit Card,Tampa,Florida,Shipped,3.95
TXN000881,2026-02-12,C3582,P0018,Cat Food,Groceries,3,8.99,0.29,Credit Card,San Diego,California,Cancelled,3.13
TXN000882,2025-12-31,C3307,P0050,Black Whisk,Kitchen-Accessories,3,9.99,0.21,PayPal,New York City,New York,Cancelled,3.9
TXN000883,2026-05-15,C6650,P0047,Table Lamp,Home-Decoration,2,-49.99,0.27,UPI,Austin,Texas,Delivered,3.55
TXN000884,2026-08-06,C3359,P0081,Lenovo Yoga 920,Laptops,1,1099.99,0.06,Debit Card,Los Angeles,California,Processing,2.86
TXN000885,2025-12-23,C9155,P0043,Decoration Swing,Home-Decoration,3,59.99,0.1,Net Banking,Tampa,Florida,Delivered,3.16
TXN000886,2026-04-24,C5852,P0073,Spice Rack,Kitchen-Accessories,4,19.99,0.16,Net Banking,San Francisco,California,Cancelled,4.87
TXN000887,2026-05-12,C2582,P0092,Sports Sneakers Off White Red,Mens-Shoes,3,109.99,0.15,Credit Card,Houston,Texas,Shipped,4.69
TXN000888,2025-11-16,C5926,P0035,Potatoes,Groceries,5,2.29,0.03,PayPal,Houston,Texas,Cancelled,4.81
TXN000889,2026-05-23,C7050,P0046,Plant Pot,Home-Decoration,5,14.99,0.01,UPI,San Francisco,California,Delivered,3.01
TXN000890,2026-05-04,C6816,P0070,Red Tongs,Kitchen-Accessories,1,6.99,0.12,UPI,San Francisco,California,Processing,4.42
TXN000891,2026-08-12,C8542,P0092,Sports Sneakers Off White Red,Mens-Shoes,1,109.99,0.14,UPI,New York City,New York,Shipped,4.69
TXN000892,2026-04-28,C6161,P0090,Puma Future Rider Trainers,Mens-Shoes,2,89.99,0.09,PayPal,Austin,Texas,Processing,4.9
TXN000893,2026-07-08,C6954,P0045,House Showpiece Plant,Home-Decoration,3,39.99,0.3,Debit Card,Miami,Florida,Delivered,4.67
TXN000894,2026-07-21,C9603,P0063,Kitchen Sieve,Kitchen-Accessories,2,7.99,0.14,Debit Card,Miami,Florida,Processing,3.09
TXN000895,2025-11-18,C7396,P0085,Man Plaid Shirt,Mens-Shirts,2,34.99,0.3,Debit Card,San Diego,California,Cancelled,3.46
TXN000896,2026-04-07,C5617,P0047,Table Lamp,Home-Decoration,1,49.99,0.18,Credit Card,Rochester,New York,Shipped,3.55
TXN000897,2026-07-13,C8190,P0015,Wooden Bathroom Sink With Mirror,Furniture,5,799.99,0.26,PayPal,Tampa,Florida,Shipped,3.59
TXN000898,2026-05-20,C6480,P0043,Decoration Swing,Home-Decoration,1,59.99,0.04,Credit Card,Rochester,New York,Delivered,3.16
TXN000899,2026-04-21,C8565,P0096,Rolex Cellini Moonphase,Mens-Watches,5,12999.99,0.3,Credit Card,New York City,New York,Cancelled,2.58
TXN000900,2026-03-26,C9236,P0085,Man Plaid Shirt,Mens-Shirts,3,34.99,0.26,Debit Card,New York City,New York,Processing,3.46
TXN000901,2025-10-31,C1051,P0092,Sports Sneakers Off White Red,Mens-Shoes,3,109.99,0.22,PayPal,Houston,Texas,Cancelled,4.69
TXN000902,2026-07-27,C1871,P0095,Rolex Cellini Date Black Dial,Mens-Watches,5,8999.99,0.15,Net Banking,Los Angeles,California,Cancelled,4.97
TXN000903,2026-07-25,C7984,P0033,Mulberry,Groceries,1,4.99,0.24,Credit Card,Rochester,New York,Processing,4.95
TXN000904,2025-10-20,C9508,P0079,Asus Zenbook Pro Dual Screen Laptop,Laptops,4,1799.99,0.14,UPI,Orlando,Florida,Shipped,3.95
TXN000905,2025-10-24,C3656,P0009,Dolce Shine Eau de,Fragrances,3,69.99,0.05,Credit Card,Tampa,Florida,Shipped,3.96
TXN000906,2026-02-10,C2131,P0025,Green Bell Pepper,Groceries,1,1.29,0.1,Debit Card,Miami,Florida,Shipped,3.25
TXN000907,2026-06-26,C1486,P0056,Electric Stove,Kitchen-Accessories,5,49.99,0.29,Credit Card,New York City,New York,Processing,4.11
TXN000908,2026-07-04,C7934,P0049,Black Aluminium Cup,Kitchen-Accessories,4,5.99,0.02,PayPal,Rochester,New York,Processing,4.46
TXN000909,2026-06-10,C8546,P0027,Honey Jar,,1,6.99,0.01,UPI,Rochester,New York,Processing,3.97
TXN000910,2026-09-12,C7394,P0014,Knoll Saarinen Executive Conference Chair,Furniture,4,499.99,0.16,PayPal,Dallas,Texas,Delivered,4.88
TXN000911,2025-12-30,C2128,P0055,Egg Slicer,Kitchen-Accessories,2,6.99,0.14,UPI,Los Angeles,California,Delivered,3.09
TXN000912,2026-01-06,C3867,P0060,Grater Black,Kitchen-Accessories,5,10.99,0.01,UPI,Houston,Texas,Cancelled,3.21
TXN000913,2026-07-31,C6204,P0075,Tray,Kitchen-Accessories,2,16.99,0.27,Debit Card,San Diego,California,Shipped,4.62
TXN000914,2026-09-12,C3719,P0073,Spice Rack,Kitchen-Accessories,4,19.99,0.14,UPI,San Francisco,California,Delivered,4.87
TXN000915,2026-04-21,C2098,P0037,Red Onions,Groceries,2,1.99,0.02,Debit Card,Orlando,Florida,Processing,4.2
TXN000916,2026-01-12,C8271,P0052,Carbon Steel Wok,Kitchen-Accessories,2,29.99,0.26,Debit Card,San Francisco,California,Processing,4.05
TXN000917,2026-03-26,C8735,P0094,Longines Master Collection,Mens-Watches,5,1499.99,0.22,UPI,Buffalo,New York,Processing,3.87
TXN000918,2026-06-15,C1313,P0001,Essence Mascara Lash Princess,Beauty,5,9.99,0.29,Debit Card,Buffalo,New York,Delivered,2.56
TXN000919,2025-10-21,C8373,P0049,Black Aluminium Cup,Kitchen-Accessories,4,5.99,0.17,Net Banking,Miami,Florida,Delivered,4.46
TXN000920,2025-10-29,C6864,P0031,Lemon,Groceries,3,0.79,0.28,Net Banking,San Diego,California,Delivered,3.53
TXN000921,2026-05-15,C1200,P0082,New DELL XPS 13 9300 Laptop,Laptops,4,1499.99,0.12,PayPal,Tampa,Florida,Processing,2.67
TXN000922,2026-02-04,C6140,P0100,Apple Airpods,Mobile-Accessories,4,129.99,0.02,Credit Card,Los Angeles,California,Processing,4.15
TXN000923,2026-06-27,C1158,P0022,Dog Food,Groceries,5,10.99,0.19,Debit Card,Buffalo,New York,Cancelled,4.55
TXN000924,2026-03-13,C4777,P0059,Glass,Kitchen-Accessories,3,4.99,0.27,Credit Card,New York City,New York,Processing,4.02
TXN000925,2025-11-25,C8308,P0034,Nescafe Coffee,Groceries,2,7.99,0.08,PayPal,Dallas,Texas,Cancelled,4.82
TXN000926,2026-03-25,C5193,P0085,Man Plaid Shirt,Mens-Shirts,4,34.99,0.17,Credit Card,Tampa,Florida,Delivered,3.46
TXN000927,2026-04-20,C3919,P0075,Tray,Kitchen-Accessories,1,16.99,0.11,Net Banking,San Diego,California,Cancelled,4.62
TXN000928,2026-05-02,C6185,P0085,Man Plaid Shirt,Mens-Shirts,5,34.99,0.25,Net Banking,Miami,Florida,Processing,3.46
TXN000929,2025-12-18,C7244,P0066,Microwave Oven,Kitchen-Accessories,2,89.99,0.29,UPI,San Diego,California,Delivered,4.82
TXN000930,2026-01-30,C8807,P0042,Water,Groceries,1,0.99,0.08,PayPal,Buffalo,New York,Processing,4.96
TXN000931,2026-02-13,C3200,P0093,Brown Leather Belt Watch,Mens-Watches,4,89.99,0.14,UPI,San Diego,California,Processing,4.19
TXN000932,2026-03-06,C4325,P0014,Knoll Saarinen Executive Conference Chair,Furniture,5,499.99,0.2,PayPal,New York City,New York,Processing,4.88
TXN000933,2026-04-19,C6457,P0012,Annibale Colombo Sofa,Furniture,5,2499.99,0.11,Net Banking,San Francisco,California,Processing,3.92
TXN000934,2026-09-05,C5021,P0065,Lunch Box,Kitchen-Accessories,3,12.99,0.24,Debit Card,Miami,Florida,Delivered,4.93
TXN000935,2026-06-21,C5762,P0004,Red Lipstick,Beauty,5,12.99,0.3,Credit Card,Austin,Texas,Processing,4.36
TXN000936,2026-08-19,C6625,P0018,Cat Food,,5,8.99,0.22,Credit Card,Austin,Texas,Processing,3.13
TXN000937,2026-06-27,C1827,P0062,Ice Cube Tray,Kitchen-Accessories,1,5.99,0.25,Net Banking,New York City,New York,Cancelled,4.71
TXN000938,2026-04-14,C5341,P0045,House Showpiece Plant,Home-Decoration,1,39.99,0.26,Net Banking,San Diego,California,Delivered,4.67
TXN000939,2025-10-10,C6781,P0019,Chicken Meat,Groceries,3,9.99,0.11,Debit Card,New York City,New York,Cancelled,3.19
TXN000940,2026-08-14,C1764,P0098,Rolex Submariner Watch,Mens-Watches,2,13999.99,0.02,Debit Card,Rochester,New York,Cancelled,2.69
TXN000941,2026-08-20,C5635,P0037,Red Onions,Groceries,2,1.99,0.28,UPI,San Diego,California,Cancelled,4.2
TXN000942,2025-11-14,C6594,P0079,Asus Zenbook Pro Dual Screen Laptop,Laptops,3,1799.99,0.1,UPI,New York City,New York,Processing,3.95
TXN000943,2025-12-14,C6825,P0024,Fish Steak,Groceries,4,14.99,0.11,Debit Card,San Francisco,California,Cancelled,3.78
TXN000944,2026-05-25,C4100,P0027,Honey Jar,Groceries,4,6.99,0.24,Debit Card,Dallas,Texas,Shipped,3.97
TXN000945,2026-02-05,C1590,P0019,Chicken Meat,Groceries,4,9.99,0.12,Credit Card,Dallas,Texas,Shipped,3.19
TXN000946,2026-06-03,C1197,P0007,Chanel Coco Noir Eau De,Fragrances,2,-129.99,0.27,Credit Card,Dallas,Texas,Shipped,4.26
TXN000947,2026-02-06,C4678,P0085,Man Plaid Shirt,Mens-Shirts,2,34.99,0.27,PayPal,Houston,Texas,Cancelled,3.46
TXN000948,2026-06-13,C1632,P0085,Man Plaid Shirt,Mens-Shirts,2,34.99,0.07,UPI,Miami,Florida,Cancelled,3.46
TXN000949,2026-08-23,C2290,P0096,Rolex Cellini Moonphase,Mens-Watches,1,12999.99,0.04,UPI,Dallas,Texas,Cancelled,2.58
TXN000950,2025-10-20,C7058,P0050,Black Whisk,Kitchen-Accessories,4,9.99,0.11,UPI,New York City,New York,Cancelled,3.9
TXN000951,2025-12-09,C3911,P0002,Eyeshadow Palette with Mirror,Beauty,2,19.99,0.28,Net Banking,Dallas,Texas,Cancelled,2.86
TXN000952,2026-07-17,C8608,P0006,Calvin Klein CK One,Fragrances,2,49.99,0.01,UPI,Miami,Florida,Shipped,4.37
TXN000953,2025-10-29,C6569,P0004,Red Lipstick,Beauty,2,12.99,0.07,PayPal,Austin,Texas,Cancelled,4.36
TXN000954,2025-11-12,C1770,P0010,Gucci Bloom Eau de,Fragrances,1,79.99,0.07,Net Banking,San Diego,California,Cancelled,2.74
TXN000955,2026-04-25,C5603,P0038,Rice,Groceries,4,5.99,0.0,PayPal,Miami,Florida,Shipped,3.18
TXN000956,2026-07-02,C5761,P0037,Red Onions,Groceries,1,1.99,0.3,PayPal,Houston,Texas,Cancelled,4.2
TXN000957,2026-02-19,C6557,P0073,Spice Rack,Kitchen-Accessories,4,19.99,0.27,Credit Card,Houston,Texas,Cancelled,4.87
TXN000958,2025-10-05,C2180,P0086,Man Short Sleeve Shirt,,2,19.99,0.11,Debit Card,Dallas,Texas,Processing,2.9
TXN000959,2026-07-19,C1079,P0049,Black Aluminium Cup,Kitchen-Accessories,4,5.99,0.2,Credit Card,Orlando,Florida,Cancelled,4.46
TXN000960,2026-08-28,C1321,P0037,Red Onions,Groceries,1,1.99,0.09,Net Banking,San Francisco,California,Processing,4.2
TXN000961,2026-05-01,C7550,P0065,Lunch Box,Kitchen-Accessories,1,12.99,0.3,PayPal,Buffalo,New York,Delivered,4.93
TXN000962,2026-04-18,C3474,P0033,Mulberry,,2,4.99,0.09,UPI,San Diego,California,Cancelled,4.95
TXN000963,2026-02-07,C7595,P0007,Chanel Coco Noir Eau De,Fragrances,5,129.99,0.17,UPI,Rochester,New York,Processing,4.26
TXN000964,2025-12-14,C2021,P0059,Glass,Kitchen-Accessories,5,4.99,0.18,Debit Card,New York City,New York,Processing,4.02
TXN000965,2025-12-14,C5849,P0038,Rice,Groceries,3,5.99,0.22,Net Banking,Buffalo,New York,Delivered,3.18
TXN000966,2026-07-20,C6504,P0045,House Showpiece Plant,Home-Decoration,2,39.99,0.15,Credit Card,San Francisco,California,Processing,4.67
TXN000967,2026-09-28,C7590,P0035,Potatoes,Groceries,1,2.29,0.28,PayPal,Austin,Texas,Processing,4.81
TXN000968,2026-01-19,C3092,P0051,Boxed Blender,Kitchen-Accessories,3,39.99,0.13,Net Banking,San Diego,California,Shipped,4.56
TXN000969,2026-08-05,C8712,P0012,Annibale Colombo Sofa,Furniture,5,2499.99,0.11,Debit Card,Tampa,Florida,Shipped,3.92
TXN000970,2025-10-10,C7342,P0075,Tray,Kitchen-Accessories,2,16.99,0.26,PayPal,New York City,New York,Processing,4.62
TXN000971,2026-09-15,C9841,P0090,Puma Future Rider Trainers,Mens-Shoes,3,89.99,0.29,Debit Card,Miami,Florida,Delivered,4.9
TXN000972,2025-10-12,C4429,P0020,Cooking Oil,Groceries,1,4.99,0.15,Credit Card,New York City,New York,Delivered,4.8
TXN000973,2026-02-28,C6704,P0025,Green Bell Pepper,Groceries,4,1.29,0.15,PayPal,Austin,Texas,Cancelled,3.25
TXN000974,2026-06-15,C1494,P0024,Fish Steak,Groceries,4,14.99,0.07,UPI,Rochester,New York,Shipped,3.78
TXN000975,2026-01-30,C6311,P0008,Dior J'adore,Fragrances,2,89.99,0.03,PayPal,Houston,Texas,Cancelled,3.8
TXN000976,2026-07-22,C3035,P0051,Boxed Blender,Kitchen-Accessories,1,39.99,0.26,Credit Card,Rochester,New York,Cancelled,4.56
TXN000977,2026-09-23,C5519,P0075,Tray,Kitchen-Accessories,1,16.99,0.22,Net Banking,Los Angeles,California,Processing,4.62
TXN000978,2026-05-28,C5881,P0060,Grater Black,Kitchen-Accessories,5,10.99,0.13,UPI,Los Angeles,California,Shipped,3.21
TXN000979,2026-01-11,C5651,P0013,Bedside Table African Cherry,Furniture,4,299.99,0.27,UPI,Los Angeles,California,Cancelled,2.87
TXN000980,2026-01-06,C5445,P0067,Mug Tree Stand,Kitchen-Accessories,5,15.99,0.09,PayPal,Orlando,Florida,Delivered,2.64
TXN000981,2026-02-15,C2954,P0076,Wooden Rolling Pin,Kitchen-Accessories,4,11.99,0.02,Credit Card,Los Angeles,California,Delivered,2.92
TXN000982,2025-11-22,C1081,P0095,Rolex Cellini Date Black Dial,Mens-Watches,5,8999.99,0.21,Net Banking,Dallas,Texas,Shipped,4.97
TXN000983,2026-06-10,C2798,P0026,Green Chili Pepper,Groceries,3,0.99,0.25,Credit Card,Austin,Texas,Shipped,3.66
TXN000984,2026-05-07,C8807,P0074,Spoon,Kitchen-Accessories,5,4.99,0.27,Debit Card,Miami,Florida,Shipped,4.03
TXN000985,2026-01-28,C8253,P0042,Water,,2,-0.99,0.26,Debit Card,San Francisco,California,Processing,4.96
TXN000986,2026-08-15,C3785,P0091,Sports Sneakers Off White & Red,Mens-Shoes,1,119.99,0.28,UPI,Miami,Florida,Delivered,4.77
TXN000987,2026-03-07,C1203,P0064,Knife,Kitchen-Accessories,3,14.99,0.27,PayPal,Tampa,Florida,Processing,3.26
TXN000988,2026-04-26,C3847,P0011,Annibale Colombo Bed,Furniture,4,1899.99,0.13,Debit Card,Houston,Texas,Processing,4.77
TXN000989,2026-02-07,C3293,P0045,House Showpiece Plant,Home-Decoration,1,39.99,0.26,Debit Card,Rochester,New York,Processing,4.67
TXN000990,2026-08-07,C1748,P0066,Microwave Oven,Kitchen-Accessories,3,89.99,0.07,PayPal,San Francisco,California,Processing,4.82
TXN000991,2026-03-11,C4020,P0039,Soft Drinks,Groceries,1,1.99,0.19,Net Banking,Austin,Texas,Cancelled,4.75
TXN000992,2025-12-17,C2619,P0014,Knoll Saarinen Executive Conference Chair,Furniture,2,499.99,0.07,PayPal,Houston,Texas,Shipped,4.88
TXN000993,2026-07-24,C6509,P0041,Tissue Paper Box,Groceries,2,2.49,0.13,Net Banking,Dallas,Texas,Cancelled,2.69
TXN000994,2026-07-17,C4973,P0066,Microwave Oven,Kitchen-Accessories,4,89.99,0.16,Credit Card,New York City,New York,Processing,4.82
TXN000995,2026-09-19,C8324,P0064,Knife,Kitchen-Accessories,2,14.99,0.08,Debit Card,San Diego,California,Delivered,3.26
TXN000996,2026-02-09,C1990,P0062,Ice Cube Tray,Kitchen-Accessories,2,5.99,0.28,PayPal,Houston,Texas,Shipped,4.71
TXN000997,2025-10-12,C3311,P0033,Mulberry,Groceries,3,4.99,0.11,Net Banking,Miami,Florida,Shipped,4.95
TXN000998,2026-02-13,C3163,P0095,Rolex Cellini Date Black Dial,Mens-Watches,2,8999.99,0.19,UPI,Los Angeles,California,Delivered,4.97
TXN000999,2026-03-18,C1561,P0090,Puma Future Rider Trainers,Mens-Shoes,4,89.99,0.29,UPI,San Diego,California,Processing,4.9
TXN001000,2026-07-23,C9428,P0055,Egg Slicer,,3,6.99,0.05,UPI,Miami,Florida,Shipped,3.09
TXN001001,2026-01-31,C8484,P0053,Chopping Board,Kitchen-Accessories,5,12.99,0.09,UPI,Houston,Texas,Cancelled,3.7
TXN001002,2025-11-27,C1424,P0030,Kiwi,Groceries,5,2.49,0.01,PayPal,San Diego,California,Shipped,4.93
TXN001003,2025-10-31,C3075,P0080,Huawei Matebook X Pro,Laptops,4,1399.99,0.3,UPI,Tampa,Florida,Delivered,4.98
TXN001004,2026-03-24,C5173,P0039,Soft Drinks,Groceries,5,1.99,0.16,Debit Card,Tampa,Florida,Cancelled,4.75
TXN001005,2026-09-07,C7236,P0005,Red Nail Polish,Beauty,1,8.99,0.19,Credit Card,Tampa,Florida,Processing,4.32
TXN001006,2025-12-18,C2583,P0085,Man Plaid Shirt,Mens-Shirts,1,34.99,0.04,UPI,Miami,Florida,Cancelled,3.46
TXN001007,2026-02-28,C2007,P0059,Glass,Kitchen-Accessories,1,4.99,0.01,PayPal,Houston,Texas,Cancelled,4.02
TXN001008,2025-12-16,C2044,P0042,Water,Groceries,3,0.99,0.22,PayPal,Austin,Texas,Shipped,4.96
TXN001009,2025-12-09,C6444,P0072,Slotted Turner,Kitchen-Accessories,3,8.99,0.16,Debit Card,Houston,Texas,Processing,3.4
TXN001010,2026-06-23,C2946,P0014,Knoll Saarinen Executive Conference Chair,Furniture,2,499.99,0.3,Debit Card,Tampa,Florida,Processing,4.88
TXN001011,2025-10-30,C6644,P0074,Spoon,Kitchen-Accessories,2,4.99,0.03,Credit Card,San Francisco,California,Delivered,4.03
TXN001012,2025-10-31,C6667,P0055,Egg Slicer,Kitchen-Accessories,4,6.99,0.1,Net Banking,Buffalo,New York,Shipped,3.09
TXN001013,2026-05-19,C7844,P0006,Calvin Klein CK One,Fragrances,5,49.99,0.17,UPI,Tampa,Florida,Processing,4.37
TXN001014,2026-10-03,C3451,P0061,Hand Blender,Kitchen-Accessories,1,34.99,0.05,UPI,Houston,Texas,Delivered,3.86
TXN001015,2026-03-19,C5088,P0063,Kitchen Sieve,Kitchen-Accessories,2,7.99,0.28,PayPal,New York City,New York,Processing,3.09
TXN001016,2026-04-25,C9498,P0081,Lenovo Yoga 920,Laptops,4,1099.99,0.21,Credit Card,Orlando,Florida,Processing,2.86
TXN001017,2025-11-03,C4111,P0054,Citrus Squeezer Yellow,Kitchen-Accessories,2,8.99,0.28,Debit Card,San Francisco,California,Shipped,4.63
TXN001018,2025-11-13,C4192,P0024,Fish Steak,Groceries,4,14.99,0.01,PayPal,Los Angeles,California,Processing,3.78
TXN001019,2026-08-09,C6574,P0043,Decoration Swing,Home-Decoration,4,59.99,0.08,PayPal,Austin,Texas,Shipped,3.16
TXN001020,2026-04-09,C3723,P0028,Ice Cream,Groceries,5,5.49,0.14,Credit Card,Miami,Florida,Delivered,3.39
TXN001021,2026-01-25,C5081,P0014,Knoll Saarinen Executive Conference Chair,Furniture,5,499.99,0.29,UPI,Orlando,Florida,Processing,4.88
TXN001022,2026-08-02,C8605,P0098,Rolex Submariner Watch,Mens-Watches,2,13999.99,0.06,Net Banking,Tampa,Florida,Cancelled,2.69
TXN001023,2026-07-03,C2285,P0051,Boxed Blender,Kitchen-Accessories,2,39.99,0.19,Net Banking,San Francisco,California,Cancelled,4.56
TXN001024,2025-10-24,C6864,P0024,Fish Steak,Groceries,2,14.99,0.04,PayPal,Los Angeles,California,Cancelled,3.78
TXN001025,2026-09-29,C9257,P0010,Gucci Bloom Eau de,Fragrances,2,79.99,0.08,UPI,Houston,Texas,Shipped,2.74
TXN001026,2026-01-13,C3590,P0013,Bedside Table African Cherry,Furniture,4,299.99,0.3,Net Banking,Buffalo,New York,Processing,2.87
TXN001027,2026-03-29,C1105,P0008,Dior J'adore,Fragrances,1,89.99,0.05,PayPal,San Diego,California,Processing,3.8
TXN001028,2026-01-31,C9456,P0056,Electric Stove,Kitchen-Accessories,5,49.99,0.13,Net Banking,Rochester,New York,Cancelled,4.11
TXN001029,2026-02-25,C9199,P0016,Apple,Groceries,2,1.99,0.12,Net Banking,Austin,Texas,Processing,4.19
TXN001030,2026-03-22,C3214,P0017,Beef Steak,Groceries,5,12.99,0.13,Net Banking,San Francisco,California,Processing,4.47
TXN001031,2025-10-05,C1674,P0057,Fine Mesh Strainer,,5,9.99,0.29,PayPal,Austin,Texas,Shipped,3.04
TXN001032,2025-10-25,C3589,P0056,Electric Stove,Kitchen-Accessories,2,49.99,0.21,Credit Card,Houston,Texas,Delivered,4.11
TXN001033,2026-06-17,C3311,P0043,Decoration Swing,Home-Decoration,4,59.99,0.05,PayPal,Orlando,Florida,Delivered,3.16
TXN001034,2026-08-25,C6839,P0046,Plant Pot,Home-Decoration,1,14.99,0.05,UPI,New York City,New York,Cancelled,3.01
TXN001035,2026-06-26,C2916,P0072,Slotted Turner,,3,8.99,0.25,Net Banking,New York City,New York,Shipped,3.4
TXN001036,2026-08-13,C7567,P0068,Pan,Kitchen-Accessories,3,24.99,0.14,Credit Card,Miami,Florida,Processing,2.79
TXN001037,2026-09-01,C3352,P0048,Bamboo Spatula,Kitchen-Accessories,5,7.99,0.24,PayPal,Buffalo,New York,Cancelled,3.27
TXN001038,2026-03-22,C1643,P0018,Cat Food,Groceries,2,8.99,0.26,UPI,San Francisco,California,Cancelled,3.13
TXN001039,2026-07-24,C5559,P0090,Puma Future Rider Trainers,Mens-Shoes,3,89.99,0.27,UPI,Miami,Florida,Shipped,4.9
TXN001040,2026-01-01,C8165,P0007,Chanel Coco Noir Eau De,Fragrances,4,129.99,0.23,Credit Card,Los Angeles,California,Delivered,4.26
TXN001041,2026-09-23,C2705,P0066,Microwave Oven,Kitchen-Accessories,4,89.99,0.24,UPI,Miami,Florida,Shipped,4.82
TXN001042,2026-03-28,C5094,P0007,Chanel Coco Noir Eau De,Fragrances,5,129.99,0.19,PayPal,Tampa,Florida,Delivered,4.26
TXN001043,2026-05-10,C4968,P0051,Boxed Blender,Kitchen-Accessories,4,39.99,0.05,Debit Card,Austin,Texas,Cancelled,4.56
TXN001044,2026-04-29,C4972,P0038,Rice,Groceries,5,5.99,0.23,Net Banking,Rochester,New York,Processing,3.18
TXN001045,2026-05-28,C6071,P0050,Black Whisk,Kitchen-Accessories,3,9.99,0.27,Debit Card,San Francisco,California,Cancelled,3.9
TXN001046,2026-01-23,C1951,P0076,Wooden Rolling Pin,Kitchen-Accessories,5,11.99,0.07,Debit Card,Buffalo,New York,Shipped,2.92
TXN001047,2026-03-03,C3333,P0074,Spoon,Kitchen-Accessories,2,4.99,0.17,Credit Card,Houston,Texas,Processing,4.03
TXN001048,2025-10-24,C1585,P0032,Milk,Groceries,5,3.49,0.12,Credit Card,Buffalo,New York,Processing,2.61
TXN001049,2026-02-02,C5862,P0004,Red Lipstick,,2,12.99,0.08,UPI,San Diego,California,Processing,4.36
TXN001050,2026-01-06,C1204,P0099,Amazon Echo Plus,Mobile-Accessories,5,99.99,0.09,PayPal,Miami,Florida,Processing,4.99
TXN001051,2026-09-03,C3716,P0020,Cooking Oil,Groceries,5,4.99,0.05,UPI,Houston,Texas,Processing,4.8
TXN001052,2025-10-26,C7353,P0018,Cat Food,Groceries,4,8.99,0.16,UPI,Tampa,Florida,Delivered,3.13
TXN001053,2026-09-23,C4314,P0007,Chanel Coco Noir Eau De,Fragrances,3,129.99,0.16,Net Banking,San Francisco,California,Cancelled,4.26
TXN001054,2026-06-17,C2786,P0058,Fork,Kitchen-Accessories,3,3.99,0.27,Debit Card,San Diego,California,Delivered,3.11
TXN001055,2026-07-05,C2254,P0005,Red Nail Polish,Beauty,1,8.99,0.26,Debit Card,San Francisco,California,Delivered,4.32
TXN001056,2026-01-08,C2229,P0090,Puma Future Rider Trainers,Mens-Shoes,5,89.99,0.05,Net Banking,Buffalo,New York,Processing,4.9
TXN001057,2026-02-20,C6503,P0066,Microwave Oven,Kitchen-Accessories,1,89.99,0.06,UPI,Tampa,Florida,Cancelled,4.82
TXN001058,2025-11-10,C3645,P0015,Wooden Bathroom Sink With Mirror,Furniture,2,799.99,0.25,Debit Card,Tampa,Florida,Processing,3.59
TXN001059,2025-11-02,C8027,P0093,Brown Leather Belt Watch,Mens-Watches,1,89.99,0.08,Debit Card,Rochester,New York,Processing,4.19
TXN001060,2026-02-26,C9374,P0019,Chicken Meat,Groceries,1,9.99,0.15,UPI,Rochester,New York,Cancelled,3.19
TXN001061,2026-10-04,C5716,P0077,Yellow Peeler,Kitchen-Accessories,5,5.99,0.24,PayPal,Dallas,Texas,Processing,4.24
TXN001062,2026-02-02,C7922,P0008,Dior J'adore,Fragrances,2,89.99,0.14,Debit Card,Buffalo,New York,Shipped,3.8
TXN001063,2026-07-09,C9029,P0090,Puma Future Rider Trainers,Mens-Shoes,5,89.99,0.01,Net Banking,Houston,Texas,Delivered,4.9
TXN001064,2026-02-23,C9843,P0050,Black Whisk,Kitchen-Accessories,2,9.99,0.03,UPI,New York City,New York,Delivered,3.9
TXN001065,2025-11-07,C2178,P0072,Slotted Turner,Kitchen-Accessories,3,8.99,0.17,UPI,Los Angeles,California,Delivered,3.4
TXN001066,2025-11-10,C7285,P0034,Nescafe Coffee,Groceries,5,7.99,0.25,UPI,San Diego,California,Cancelled,4.82
TXN001067,2026-04-16,C2073,P0020,Cooking Oil,Groceries,2,4.99,0.18,Net Banking,Austin,Texas,Processing,4.8
TXN001068,2026-02-09,C2584,P0006,Calvin Klein CK One,Fragrances,1,49.99,0.19,PayPal,Rochester,New York,Shipped,4.37
TXN001069,2026-01-01,C5369,P0047,Table Lamp,Home-Decoration,2,49.99,0.0,Net Banking,New York City,New York,Shipped,3.55
TXN001070,2026-06-25,C1521,P0090,Puma Future Rider Trainers,Mens-Shoes,4,89.99,0.15,PayPal,Buffalo,New York,Delivered,4.9
TXN001071,2026-01-10,C4160,P0047,Table Lamp,Home-Decoration,3,49.99,0.01,PayPal,San Diego,California,Delivered,3.55
TXN001072,2026-06-17,C7633,P0015,Wooden Bathroom Sink With Mirror,Furniture,2,799.99,0.2,PayPal,San Diego,California,Processing,3.59
TXN001073,2026-03-08,C9306,P0094,Longines Master Collection,Mens-Watches,3,1499.99,0.02,Net Banking,San Diego,California,Processing,3.87
TXN001074,2026-01-12,C2619,P0092,Sports Sneakers Off White Red,Mens-Shoes,5,109.99,0.0,Credit Card,Buffalo,New York,Cancelled,4.69
TXN001075,2026-07-01,C6965,P0080,Huawei Matebook X Pro,Laptops,5,1399.99,0.12,Debit Card,New York City,New York,Processing,4.98
TXN001076,2026-06-20,C3728,P0014,Knoll Saarinen Executive Conference Chair,Furniture,2,499.99,0.27,UPI,Orlando,Florida,Cancelled,4.88
TXN001077,2025-12-28,C8212,P0065,Lunch Box,Kitchen-Accessories,5,12.99,0.15,Credit Card,Dallas,Texas,Shipped,4.93
TXN001078,2026-03-30,C3992,P0008,Dior J'adore,Fragrances,1,89.99,0.22,Net Banking,Orlando,Florida,Processing,3.8
TXN001079,2025-11-04,C3509,P0072,Slotted Turner,Kitchen-Accessories,2,8.99,0.16,Debit Card,San Francisco,California,Shipped,3.4
TXN001080,2026-01-03,C9730,P0040,Strawberry,Groceries,1,3.99,0.22,Debit Card,Dallas,Texas,Delivered,3.08
TXN001081,2026-06-15,C3211,P0017,Beef Steak,Groceries,4,12.99,0.29,UPI,Dallas,Texas,Shipped,4.47
TXN001082,2026-03-09,C4235,P0037,Red Onions,Groceries,1,1.99,0.16,Credit Card,Rochester,New York,Cancelled,4.2
TXN001083,2026-03-01,C5014,P0047,Table Lamp,Home-Decoration,3,49.99,0.2,PayPal,New York City,New York,Shipped,3.55
TXN001084,2026-07-13,C3960,P0091,Sports Sneakers Off White & Red,Mens-Shoes,4,119.99,0.05,Debit Card,San Francisco,California,Delivered,4.77
TXN001085,2026-08-05,C6668,P0099,Amazon Echo Plus,Mobile-Accessories,4,99.99,0.0,UPI,Dallas,Texas,Delivered,4.99
TXN001086,2026-01-30,C8447,P0018,Cat Food,,4,8.99,0.05,Debit Card,Los Angeles,California,Shipped,3.13
TXN001087,2026-09-07,C5486,P0011,Annibale Colombo Bed,Furniture,2,1899.99,0.04,Debit Card,San Diego,California,Shipped,4.77
TXN001088,2025-11-19,C6787,P0004,Red Lipstick,Beauty,5,12.99,0.07,PayPal,Los Angeles,California,Processing,4.36
TXN001089,2026-09-10,C9700,P0094,Longines Master Collection,Mens-Watches,1,1499.99,0.03,UPI,Miami,Florida,Cancelled,3.87
TXN001090,2025-10-20,C7690,P0089,Nike Baseball Cleats,,5,79.99,0.06,UPI,San Diego,California,Processing,3.88
TXN001091,2026-03-27,C9337,P0032,Milk,Groceries,1,3.49,0.28,Debit Card,Los Angeles,California,Processing,2.61
TXN001092,2026-05-01,C3320,P0008,Dior J'adore,Fragrances,2,89.99,0.02,UPI,Miami,Florida,Shipped,3.8
TXN001093,2025-11-23,C9227,P0045,House Showpiece Plant,Home-Decoration,1,39.99,0.03,Net Banking,Los Angeles,California,Delivered,4.67
TXN001094,2026-07-14,C2587,P0001,Essence Mascara Lash Princess,Beauty,2,9.99,0.14,PayPal,Los Angeles,California,Delivered,2.56
TXN001095,2026-06-28,C4319,P0053,Chopping Board,Kitchen-Accessories,1,12.99,0.01,Net Banking,Rochester,New York,Shipped,3.7
TXN001096,2026-06-16,C1831,P0082,New DELL XPS 13 9300 Laptop,Laptops,1,1499.99,0.01,Net Banking,Miami,Florida,Delivered,2.67
TXN001097,2026-04-24,C6333,P0021,Cucumber,Groceries,2,1.49,0.18,Net Banking,Los Angeles,California,Processing,4.07
TXN001098,2026-06-27,C3720,P0077,Yellow Peeler,,2,5.99,0.27,Credit Card,Los Angeles,California,Cancelled,4.24
TXN001099,2026-01-06,C7814,P0019,Chicken Meat,Groceries,2,9.99,0.1,Credit Card,Austin,Texas,Processing,3.19
TXN001100,2025-11-13,C7841,P0032,Milk,Groceries,5,3.49,0.16,Credit Card,Rochester,New York,Delivered,2.61
TXN001101,2026-03-20,C2843,P0010,Gucci Bloom Eau de,Fragrances,2,79.99,0.15,Credit Card,Tampa,Florida,Delivered,2.74
TXN001102,2026-03-07,C6167,P0096,Rolex Cellini Moonphase,Mens-Watches,1,12999.99,0.18,PayPal,San Francisco,California,Delivered,2.58
TXN001103,2026-05-24,C8265,P0063,Kitchen Sieve,Kitchen-Accessories,1,7.99,0.26,Debit Card,Buffalo,New York,Delivered,3.09
TXN001104,2026-07-03,C1397,P0078,Apple MacBook Pro 14 Inch Space Grey,Laptops,2,1999.99,0.12,Credit Card,Orlando,Florida,Shipped,3.65
TXN001105,2026-03-15,C5344,P0063,Kitchen Sieve,Kitchen-Accessories,2,7.99,0.11,Debit Card,New York City,New York,Cancelled,3.09
TXN001106,2026-08-10,C9521,P0027,Honey Jar,Groceries,2,6.99,0.03,Net Banking,Los Angeles,California,Processing,3.97
TXN001107,2026-06-22,C8494,P0098,Rolex Submariner Watch,Mens-Watches,4,13999.99,0.03,Credit Card,Los Angeles,California,Delivered,2.69
TXN001108,2026-03-18,C2650,P0034,Nescafe Coffee,Groceries,3,7.99,0.25,UPI,Los Angeles,California,Delivered,4.82
TXN001109,2026-07-27,C9514,P0074,Spoon,Kitchen-Accessories,1,4.99,0.14,PayPal,Austin,Texas,Shipped,4.03
TXN001110,2025-12-27,C8609,P0003,Powder Canister,Beauty,5,14.99,0.03,Debit Card,Rochester,New York,Delivered,4.64
TXN001111,2026-07-30,C4727,P0073,Spice Rack,Kitchen-Accessories,4,19.99,0.26,Credit Card,Orlando,Florida,Processing,4.87
TXN001112,2026-01-29,C7496,P0052,Carbon Steel Wok,Kitchen-Accessories,5,29.99,0.14,Net Banking,Rochester,New York,Cancelled,4.05
TXN001113,2026-01-25,C2505,P0057,Fine Mesh Strainer,Kitchen-Accessories,2,-9.99,0.24,Net Banking,Rochester,New York,Shipped,3.04
TXN001114,2026-04-06,C1831,P0070,Red Tongs,Kitchen-Accessories,3,6.99,0.02,UPI,Austin,Texas,Processing,4.42
TXN001115,2026-04-22,C2866,P0005,Red Nail Polish,Beauty,2,8.99,0.08,Credit Card,Miami,Florida,Delivered,4.32
TXN001116,2026-02-08,C3938,P0092,Sports Sneakers Off White Red,Mens-Shoes,2,109.99,0.05,Debit Card,Rochester,New York,Cancelled,4.69
TXN001117,2026-05-09,C1632,P0092,Sports Sneakers Off White Red,Mens-Shoes,5,109.99,0.08,Credit Card,Los Angeles,California,Delivered,4.69
TXN001118,2026-02-09,C8127,P0033,Mulberry,Groceries,3,4.99,0.2,PayPal,Los Angeles,California,Processing,4.95
TXN001119,2026-08-10,C3879,P0003,Powder Canister,Beauty,3,14.99,0.17,Credit Card,San Diego,California,Cancelled,4.64
TXN001120,2025-12-11,C8510,P0055,Egg Slicer,Kitchen-Accessories,5,6.99,0.03,Net Banking,Orlando,Florida,Shipped,3.09
TXN001121,2026-09-06,C3195,P0013,Bedside Table African Cherry,Furniture,2,299.99,0.17,UPI,New York City,New York,Shipped,2.87
TXN001122,2026-01-23,C2037,P0061,Hand Blender,Kitchen-Accessories,2,34.99,0.29,PayPal,Austin,Texas,Cancelled,3.86
TXN001123,2026-08-08,C9707,P0075,Tray,Kitchen-Accessories,5,16.99,0.09,Credit Card,Austin,Texas,Cancelled,4.62
TXN001124,2026-04-15,C3321,P0001,Essence Mascara Lash Princess,Beauty,2,9.99,0.03,Net Banking,Los Angeles,California,Delivered,2.56
TXN001125,2026-05-23,C3514,P0061,Hand Blender,Kitchen-Accessories,1,34.99,0.12,Debit Card,Los Angeles,California,Processing,3.86
TXN001126,2026-09-15,C1343,P0057,Fine Mesh Strainer,Kitchen-Accessories,1,9.99,0.13,Debit Card,Los Angeles,California,Cancelled,3.04
TXN001127,2026-01-05,C3578,P0057,Fine Mesh Strainer,Kitchen-Accessories,1,9.99,0.08,Debit Card,Miami,Florida,Shipped,3.04
TXN001128,2026-03-12,C1332,P0062,Ice Cube Tray,Kitchen-Accessories,3,5.99,0.23,Net Banking,Orlando,Florida,Shipped,4.71
TXN001129,2026-05-07,C9052,P0022,Dog Food,Groceries,4,10.99,0.09,Debit Card,Dallas,Texas,Processing,4.55
TXN001130,2026-08-14,C4142,P0010,Gucci Bloom Eau de,Fragrances,3,79.99,0.09,Debit Card,Dallas,Texas,Processing,2.74
TXN001131,2026-01-31,C1130,P0020,Cooking Oil,Groceries,2,4.99,0.24,Debit Card,Orlando,Florida,Delivered,4.8
TXN001132,2026-04-16,C6309,P0027,Honey Jar,Groceries,3,6.99,0.09,UPI,Houston,Texas,Processing,3.97
TXN001133,2026-03-13,C8256,P0026,Green Chili Pepper,Groceries,5,0.99,0.03,Credit Card,Orlando,Florida,Processing,3.66
TXN001134,2026-01-30,C5888,P0043,Decoration Swing,Home-Decoration,2,59.99,0.04,UPI,Tampa,Florida,Shipped,3.16
TXN001135,2026-04-11,C2454,P0041,Tissue Paper Box,Groceries,4,2.49,0.2,Debit Card,Houston,Texas,Delivered,2.69
TXN001136,2026-03-27,C8474,P0061,Hand Blender,Kitchen-Accessories,3,34.99,0.2,Credit Card,San Francisco,California,Shipped,3.86
TXN001137,2025-12-15,C2305,P0089,Nike Baseball Cleats,Mens-Shoes,1,79.99,0.19,Net Banking,Rochester,New York,Cancelled,3.88
TXN001138,2025-10-31,C5492,P0059,Glass,Kitchen-Accessories,4,4.99,0.2,UPI,Houston,Texas,Cancelled,4.02
TXN001139,2025-10-17,C9033,P0071,Silver Pot With Glass Cap,Kitchen-Accessories,1,39.99,0.09,UPI,Austin,Texas,Shipped,3.22
TXN001140,2026-07-03,C5605,P0005,Red Nail Polish,Beauty,1,8.99,0.29,PayPal,San Francisco,California,Processing,4.32
TXN001141,2025-12-28,C3906,P0042,Water,,2,0.99,0.0,Credit Card,Austin,Texas,Processing,4.96
TXN001142,2026-04-06,C8125,P0005,Red Nail Polish,Beauty,3,8.99,0.22,Net Banking,Los Angeles,California,Shipped,4.32
TXN001143,2025-11-15,C7564,P0042,Water,Groceries,1,0.99,0.08,PayPal,Los Angeles,California,Cancelled,4.96
TXN001144,2026-02-05,C1939,P0024,Fish Steak,Groceries,5,14.99,0.2,PayPal,Austin,Texas,Processing,3.78
TXN001145,2026-01-03,C4559,P0060,Grater Black,Kitchen-Accessories,5,10.99,0.16,Debit Card,Orlando,Florida,Shipped,3.21
TXN001146,2026-04-19,C4672,P0060,Grater Black,Kitchen-Accessories,3,10.99,0.18,UPI,Houston,Texas,Cancelled,3.21
TXN001147,2025-10-21,C4803,P0055,Egg Slicer,Kitchen-Accessories,3,6.99,0.17,Credit Card,Dallas,Texas,Processing,3.09
TXN001148,2026-08-21,C5928,P0010,Gucci Bloom Eau de,Fragrances,2,79.99,0.03,PayPal,Miami,Florida,Delivered,2.74
TXN001149,2026-06-08,C3955,P0045,House Showpiece Plant,Home-Decoration,4,39.99,0.09,Net Banking,Tampa,Florida,Shipped,4.67
TXN001150,2026-03-26,C7944,P0086,Man Short Sleeve Shirt,Mens-Shirts,4,19.99,0.01,UPI,Los Angeles,California,Delivered,2.9
TXN001151,2025-11-28,C3471,P0017,Beef Steak,Groceries,4,12.99,0.29,UPI,San Francisco,California,Shipped,4.47
TXN001152,2026-01-24,C4998,P0034,Nescafe Coffee,,1,7.99,0.13,UPI,Austin,Texas,Processing,4.82
TXN001153,2025-11-22,C5481,P0085,Man Plaid Shirt,Mens-Shirts,3,34.99,0.22,Credit Card,Houston,Texas,Processing,3.46
TXN001154,2026-05-24,C3628,P0063,Kitchen Sieve,Kitchen-Accessories,5,7.99,0.23,PayPal,San Francisco,California,Shipped,3.09
TXN001155,2025-11-03,C9519,P0025,Green Bell Pepper,Groceries,4,1.29,0.26,UPI,Houston,Texas,Delivered,3.25
TXN001156,2026-06-19,C6790,P0092,Sports Sneakers Off White Red,Mens-Shoes,4,109.99,0.12,Credit Card,Dallas,Texas,Cancelled,4.69
TXN001157,2026-01-16,C5160,P0048,Bamboo Spatula,Kitchen-Accessories,4,7.99,0.04,Net Banking,Houston,Texas,Cancelled,3.27
TXN001158,2025-12-22,C3510,P0089,Nike Baseball Cleats,Mens-Shoes,2,79.99,0.01,PayPal,Los Angeles,California,Shipped,3.88
TXN001159,2026-02-10,C9400,P0076,Wooden Rolling Pin,Kitchen-Accessories,4,11.99,0.0,PayPal,Orlando,Florida,Processing,2.92
TXN001160,2026-01-09,C1266,P0027,Honey Jar,Groceries,4,6.99,0.09,Debit Card,San Francisco,California,Processing,3.97
TXN001161,2026-01-19,C8977,P0087,Men Check Shirt,Mens-Shirts,4,27.99,0.14,Credit Card,Miami,Florida,Delivered,2.72
TXN001162,2025-11-20,C8433,P0079,Asus Zenbook Pro Dual Screen Laptop,Laptops,2,1799.99,0.14,Credit Card,New York City,New York,Cancelled,3.95
TXN001163,2025-11-16,C5599,P0096,Rolex Cellini Moonphase,Mens-Watches,3,12999.99,0.07,Credit Card,Miami,Florida,Delivered,2.58
TXN001164,2026-05-20,C2303,P0071,Silver Pot With Glass Cap,Kitchen-Accessories,5,39.99,0.18,Debit Card,Austin,Texas,Processing,3.22
TXN001165,2026-07-07,C4362,P0019,Chicken Meat,Groceries,2,9.99,0.13,UPI,San Francisco,California,Delivered,3.19
TXN001166,2026-07-07,C5939,P0063,Kitchen Sieve,Kitchen-Accessories,1,7.99,0.12,PayPal,Austin,Texas,Delivered,3.09
TXN001167,2025-10-28,C6135,P0066,Microwave Oven,Kitchen-Accessories,2,89.99,0.15,Net Banking,Los Angeles,California,Shipped,4.82
TXN001168,2025-10-21,C8702,P0029,Juice,Groceries,2,3.99,0.23,Credit Card,San Francisco,California,Cancelled,3.94
TXN001169,2026-04-08,C8207,P0002,Eyeshadow Palette with Mirror,,3,19.99,0.21,Net Banking,Houston,Texas,Delivered,2.86
TXN001170,2026-05-14,C6769,P0057,Fine Mesh Strainer,Kitchen-Accessories,1,9.99,0.27,Debit Card,Miami,Florida,Delivered,3.04
TXN001171,2026-05-12,C4460,P0043,Decoration Swing,Home-Decoration,3,59.99,0.06,Credit Card,Los Angeles,California,Delivered,3.16
TXN001172,2025-12-28,C9253,P0055,Egg Slicer,Kitchen-Accessories,4,6.99,0.27,Net Banking,San Diego,California,Processing,3.09
TXN001173,2025-10-22,C7902,P0031,Lemon,Groceries,5,0.79,0.26,UPI,New York City,New York,Shipped,3.53
TXN001174,2026-05-02,C3808,P0084,Gigabyte Aorus Men Tshirt,Mens-Shirts,3,24.99,0.17,PayPal,Los Angeles,California,Delivered,3.18
TXN001175,2026-04-27,C3233,P0017,Beef Steak,Groceries,1,12.99,0.22,UPI,Houston,Texas,Shipped,4.47
TXN001176,2026-02-25,C2804,P0050,Black Whisk,Kitchen-Accessories,2,9.99,0.3,Credit Card,Los Angeles,California,Delivered,3.9
TXN001177,2026-02-20,C4222,P0050,Black Whisk,,2,9.99,0.13,Credit Card,San Francisco,California,Processing,3.9
TXN001178,2026-01-19,C2016,P0066,Microwave Oven,,3,89.99,0.02,Debit Card,San Diego,California,Processing,4.82
TXN001179,2026-09-08,C1996,P0056,Electric Stove,Kitchen-Accessories,2,49.99,0.03,UPI,Buffalo,New York,Cancelled,4.11
TXN001180,2026-03-24,C4984,P0011,Annibale Colombo Bed,Furniture,3,1899.99,0.11,Credit Card,Miami,Florida,Cancelled,4.77
TXN001181,2026-05-24,C6070,P0089,Nike Baseball Cleats,Mens-Shoes,4,79.99,0.12,Debit Card,Miami,Florida,Shipped,3.88
TXN001182,2026-08-28,C6614,P0007,Chanel Coco Noir Eau De,Fragrances,3,129.99,0.0,Net Banking,New York City,New York,Delivered,4.26
TXN001183,2026-08-30,C6152,P0050,Black Whisk,Kitchen-Accessories,5,9.99,0.19,PayPal,Rochester,New York,Delivered,3.9
TXN001184,2026-01-24,C5982,P0095,Rolex Cellini Date Black Dial,,4,8999.99,0.28,PayPal,Rochester,New York,Delivered,4.97
TXN001185,2026-05-22,C9966,P0064,Knife,Kitchen-Accessories,1,14.99,0.05,UPI,New York City,New York,Shipped,3.26
TXN001186,2026-03-06,C7703,P0062,Ice Cube Tray,Kitchen-Accessories,1,5.99,0.19,PayPal,Miami,Florida,Shipped,4.71
TXN001187,2026-04-03,C7297,P0020,Cooking Oil,Groceries,1,4.99,0.04,Net Banking,Buffalo,New York,Delivered,4.8
TXN001188,2026-02-21,C3412,P0057,Fine Mesh Strainer,Kitchen-Accessories,1,9.99,0.06,Credit Card,Dallas,Texas,Processing,3.04
TXN001189,2025-10-08,C7128,P0099,Amazon Echo Plus,,5,99.99,0.06,Debit Card,Los Angeles,California,Shipped,4.99
TXN001190,2025-10-21,C7641,P0017,Beef Steak,Groceries,1,12.99,0.05,Net Banking,Orlando,Florida,Cancelled,4.47
TXN001191,2025-12-04,C7941,P0029,Juice,Groceries,1,3.99,0.17,Net Banking,New York City,New York,Delivered,3.94
TXN001192,2026-09-16,C3903,P0045,House Showpiece Plant,Home-Decoration,3,39.99,0.04,Credit Card,Miami,Florida,Delivered,4.67
TXN001193,2026-01-24,C8081,P0016,Apple,Groceries,2,1.99,0.05,Credit Card,San Francisco,California,Delivered,4.19
TXN001194,2026-07-14,C4263,P0050,Black Whisk,Kitchen-Accessories,3,9.99,0.28,Credit Card,San Francisco,California,Shipped,3.9
TXN001195,2026-05-01,C9770,P0015,Wooden Bathroom Sink With Mirror,Furniture,3,799.99,0.22,UPI,Los Angeles,California,Delivered,3.59
TXN001196,2026-01-23,C3912,P0082,New DELL XPS 13 9300 Laptop,Laptops,1,1499.99,0.11,Credit Card,Rochester,New York,Shipped,2.67
TXN001197,2026-02-04,C5518,P0005,Red Nail Polish,Beauty,1,8.99,0.17,Net Banking,New York City,New York,Cancelled,4.32
TXN001198,2026-07-08,C3636,P0080,Huawei Matebook X Pro,Laptops,4,1399.99,0.04,PayPal,Rochester,New York,Delivered,4.98
TXN001199,2026-03-29,C1930,P0007,Chanel Coco Noir Eau De,Fragrances,3,129.99,0.13,Credit Card,San Diego,California,Processing,4.26
TXN001200,2026-03-11,C6383,P0005,Red Nail Polish,Beauty,4,8.99,0.26,PayPal,Tampa,Florida,Processing,4.32
TXN001201,2026-07-17,C4564,P0061,Hand Blender,Kitchen-Accessories,4,34.99,0.26,PayPal,Buffalo,New York,Delivered,3.86
TXN001202,2026-01-24,C2003,P0039,Soft Drinks,Groceries,4,1.99,0.12,UPI,Austin,Texas,Cancelled,4.75
TXN001203,2026-07-22,C8784,P0026,Green Chili Pepper,Groceries,2,0.99,0.06,PayPal,Los Angeles,California,Shipped,3.66
TXN001204,2026-03-20,C9907,P0049,Black Aluminium Cup,Kitchen-Accessories,2,5.99,0.1,PayPal,Tampa,Florida,Shipped,4.46
TXN001205,2026-07-20,C3481,P0026,Green Chili Pepper,Groceries,5,0.99,0.01,Credit Card,Rochester,New York,Shipped,3.66
TXN001206,2026-05-09,C9449,P0006,Calvin Klein CK One,Fragrances,3,49.99,0.29,Debit Card,San Francisco,California,Cancelled,4.37
TXN001207,2025-10-06,C4559,P0020,Cooking Oil,Groceries,2,4.99,0.12,Net Banking,Rochester,New York,Processing,4.8
TXN001208,2025-11-20,C7780,P0038,Rice,Groceries,4,5.99,0.14,Net Banking,Dallas,Texas,Delivered,3.18
TXN001209,2026-02-06,C4315,P0060,Grater Black,Kitchen-Accessories,5,10.99,0.16,Net Banking,New York City,New York,Processing,3.21
TXN001210,2026-04-09,C7891,P0091,Sports Sneakers Off White & Red,Mens-Shoes,4,119.99,0.17,PayPal,San Francisco,California,Processing,4.77
TXN001211,2026-01-07,C5206,P0001,Essence Mascara Lash Princess,Beauty,5,9.99,0.24,Credit Card,Orlando,Florida,Cancelled,2.56
TXN001212,2025-12-13,C2761,P0087,Men Check Shirt,Mens-Shirts,5,27.99,0.01,PayPal,Dallas,Texas,Processing,2.72
TXN001213,2026-10-03,C4509,P0020,Cooking Oil,Groceries,3,4.99,0.17,Debit Card,Rochester,New York,Cancelled,4.8
TXN001214,2025-10-29,C8120,P0043,Decoration Swing,Home-Decoration,3,59.99,0.09,Debit Card,Rochester,New York,Cancelled,3.16
TXN001215,2026-06-20,C8980,P0057,Fine Mesh Strainer,Kitchen-Accessories,4,9.99,0.24,Credit Card,San Diego,California,Shipped,3.04
TXN001216,2026-09-11,C7996,P0083,Blue & Black Check Shirt,Mens-Shirts,2,29.99,0.03,Net Banking,San Diego,California,Delivered,3.64
TXN001217,2026-01-06,C1293,P0012,Annibale Colombo Sofa,Furniture,3,2499.99,0.13,PayPal,Dallas,Texas,Processing,3.92
TXN001218,2026-04-27,C9624,P0025,Green Bell Pepper,Groceries,1,1.29,0.12,PayPal,Buffalo,New York,Processing,3.25
TXN001219,2026-07-03,C4528,P0076,Wooden Rolling Pin,Kitchen-Accessories,3,11.99,0.01,Credit Card,Los Angeles,California,Cancelled,2.92
TXN001220,2026-03-08,C3925,P0016,Apple,Groceries,2,-1.99,0.21,Net Banking,Los Angeles,California,Processing,4.19
TXN001221,2026-01-14,C1458,P0058,Fork,Kitchen-Accessories,4,3.99,0.12,Credit Card,Miami,Florida,Processing,3.11
TXN001222,2025-10-31,C4689,P0086,Man Short Sleeve Shirt,Mens-Shirts,5,19.99,0.04,UPI,Los Angeles,California,Processing,2.9
TXN001223,2025-12-09,C5931,P0097,Rolex Datejust,Mens-Watches,4,10999.99,0.2,Net Banking,Houston,Texas,Shipped,3.66
TXN001224,2026-03-10,C4109,P0083,Blue & Black Check Shirt,Mens-Shirts,1,29.99,0.01,Debit Card,Orlando,Florida,Cancelled,3.64
TXN001225,2026-08-10,C1289,P0043,Decoration Swing,Home-Decoration,4,59.99,0.01,UPI,Buffalo,New York,Cancelled,3.16
TXN001226,2025-11-14,C4666,P0082,New DELL XPS 13 9300 Laptop,Laptops,2,1499.99,0.09,PayPal,Rochester,New York,Cancelled,2.67
TXN001227,2025-11-17,C4461,P0024,Fish Steak,Groceries,3,14.99,0.18,UPI,Buffalo,New York,Cancelled,3.78
TXN001228,2026-07-31,C4444,P0038,Rice,Groceries,5,5.99,0.03,Debit Card,New York City,New York,Shipped,3.18
TXN001229,2026-08-01,C4414,P0065,Lunch Box,Kitchen-Accessories,1,12.99,0.23,PayPal,New York City,New York,Shipped,4.93
TXN001230,2026-09-13,C7824,P0014,Knoll Saarinen Executive Conference Chair,Furniture,3,499.99,0.06,UPI,Rochester,New York,Processing,4.88
TXN001231,2026-01-12,C9808,P0002,Eyeshadow Palette with Mirror,Beauty,2,19.99,0.2,PayPal,Tampa,Florida,Cancelled,2.86
TXN001232,2026-04-07,C2384,P0055,Egg Slicer,Kitchen-Accessories,1,6.99,0.2,Credit Card,New York City,New York,Cancelled,3.09
TXN001233,2025-11-27,C1735,P0029,Juice,Groceries,2,3.99,0.24,Debit Card,Houston,Texas,Delivered,3.94
TXN001234,2026-06-03,C6391,P0042,Water,Groceries,4,0.99,0.21,PayPal,Houston,Texas,Delivered,4.96
TXN001235,2026-09-07,C6501,P0086,Man Short Sleeve Shirt,Mens-Shirts,2,19.99,0.21,PayPal,New York City,New York,Processing,2.9
TXN001236,2026-06-18,C3393,P0001,Essence Mascara Lash Princess,,1,9.99,0.12,Credit Card,Orlando,Florida,Shipped,2.56
TXN001237,2026-03-28,C9887,P0024,Fish Steak,Groceries,2,14.99,0.26,Net Banking,Rochester,New York,Processing,3.78
TXN001238,2025-10-16,C4127,P0082,New DELL XPS 13 9300 Laptop,Laptops,3,1499.99,0.29,PayPal,Tampa,Florida,Shipped,2.67
TXN001239,2026-07-20,C1002,P0029,Juice,Groceries,3,3.99,0.09,UPI,New York City,New York,Cancelled,3.94
TXN001240,2025-11-20,C4532,P0026,Green Chili Pepper,Groceries,3,0.99,0.19,Debit Card,Buffalo,New York,Delivered,3.66
TXN001241,2026-06-01,C8401,P0004,Red Lipstick,Beauty,2,12.99,0.02,Credit Card,San Diego,California,Cancelled,4.36
TXN001242,2026-10-01,C9544,P0057,Fine Mesh Strainer,Kitchen-Accessories,3,9.99,0.17,Credit Card,Buffalo,New York,Processing,3.04
TXN001243,2026-09-05,C7289,P0015,Wooden Bathroom Sink With Mirror,Furniture,3,799.99,0.16,UPI,Houston,Texas,Delivered,3.59
TXN001244,2026-03-21,C8466,P0080,Huawei Matebook X Pro,Laptops,1,1399.99,0.03,UPI,Buffalo,New York,Cancelled,4.98
TXN001245,2026-04-24,C4703,P0033,Mulberry,Groceries,4,4.99,0.15,PayPal,San Diego,California,Cancelled,4.95
TXN001246,2026-02-28,C9452,P0031,Lemon,Groceries,5,0.79,0.08,Debit Card,Tampa,Florida,Processing,3.53
TXN001247,2026-09-01,C5853,P0073,Spice Rack,Kitchen-Accessories,2,19.99,0.07,Debit Card,Rochester,New York,Cancelled,4.87
TXN001248,2025-12-26,C8192,P0092,Sports Sneakers Off White Red,Mens-Shoes,3,109.99,0.01,Credit Card,Miami,Florida,Delivered,4.69
TXN001249,2026-03-06,C2819,P0096,Rolex Cellini Moonphase,Mens-Watches,4,12999.99,0.05,UPI,Orlando,Florida,Processing,2.58
TXN001250,2026-05-11,C8369,P0082,New DELL XPS 13 9300 Laptop,Laptops,2,1499.99,0.0,Credit Card,San Diego,California,Delivered,2.67
TXN001251,2026-08-30,C8974,P0075,Tray,Kitchen-Accessories,1,16.99,0.27,UPI,San Diego,California,Shipped,4.62
TXN001252,2026-05-23,C4716,P0044,Family Tree Photo Frame,Home-Decoration,1,29.99,0.28,Debit Card,Tampa,Florida,Cancelled,4.53
TXN001253,2026-01-11,C2652,P0040,Strawberry,Groceries,5,3.99,0.12,Debit Card,Dallas,Texas,Cancelled,3.08
TXN001254,2026-01-26,C1918,P0056,Electric Stove,Kitchen-Accessories,4,49.99,0.08,Credit Card,Los Angeles,California,Processing,4.11
TXN001255,2025-12-29,C6379,P0047,Table Lamp,,2,49.99,0.13,PayPal,Miami,Florida,Shipped,3.55
TXN001256,2026-03-12,C9719,P0062,Ice Cube Tray,Kitchen-Accessories,1,5.99,0.22,Net Banking,San Diego,California,Delivered,4.71
TXN001257,2026-04-03,C8742,P0047,Table Lamp,Home-Decoration,3,49.99,0.11,Debit Card,Dallas,Texas,Processing,3.55
TXN001258,2025-10-27,C1076,P0019,Chicken Meat,Groceries,3,9.99,0.04,Credit Card,Los Angeles,California,Shipped,3.19
TXN001259,2026-09-06,C6298,P0077,Yellow Peeler,,4,5.99,0.04,PayPal,Austin,Texas,Processing,4.24
TXN001260,2026-08-30,C7106,P0097,Rolex Datejust,Mens-Watches,1,10999.99,0.05,Net Banking,San Diego,California,Shipped,3.66
TXN001261,2026-08-26,C5000,P0030,Kiwi,Groceries,4,2.49,0.09,UPI,Miami,Florida,Cancelled,4.93
TXN001262,2026-03-02,C2659,P0029,Juice,Groceries,4,3.99,0.21,Net Banking,Tampa,Florida,Processing,3.94
TXN001263,2026-03-07,C8279,P0095,Rolex Cellini Date Black Dial,Mens-Watches,2,8999.99,0.04,Credit Card,Miami,Florida,Cancelled,4.97
TXN001264,2025-11-04,C4089,P0022,Dog Food,Groceries,1,10.99,0.24,Credit Card,Los Angeles,California,Cancelled,4.55
TXN001265,2026-05-06,C4694,P0049,Black Aluminium Cup,,1,5.99,0.0,PayPal,Rochester,New York,Shipped,4.46
TXN001266,2026-07-29,C4237,P0081,Lenovo Yoga 920,Laptops,4,1099.99,0.1,Credit Card,San Diego,California,Cancelled,2.86
TXN001267,2025-12-31,C5347,P0073,Spice Rack,Kitchen-Accessories,1,19.99,0.12,Credit Card,Los Angeles,California,Shipped,4.87
TXN001268,2026-04-17,C3716,P0064,Knife,Kitchen-Accessories,3,14.99,0.14,Credit Card,Los Angeles,California,Delivered,3.26
TXN001269,2026-09-13,C7136,P0005,Red Nail Polish,Beauty,1,8.99,0.26,Net Banking,Houston,Texas,Processing,4.32
TXN001270,2026-03-14,C8449,P0038,Rice,Groceries,2,5.99,0.1,UPI,Orlando,Florida,Delivered,3.18
TXN001271,2026-06-08,C9222,P0003,Powder Canister,Beauty,1,14.99,0.06,UPI,Rochester,New York,Shipped,4.64
TXN001272,2026-02-01,C9103,P0005,Red Nail Polish,Beauty,3,8.99,0.26,Net Banking,Austin,Texas,Processing,4.32
TXN001273,2026-05-13,C2070,P0057,Fine Mesh Strainer,,3,9.99,0.23,Debit Card,Houston,Texas,Shipped,3.04
TXN001274,2026-09-03,C9141,P0054,Citrus Squeezer Yellow,Kitchen-Accessories,3,8.99,0.26,PayPal,San Francisco,California,Cancelled,4.63
TXN001275,2025-12-22,C8142,P0099,Amazon Echo Plus,Mobile-Accessories,2,99.99,0.27,UPI,San Diego,California,Shipped,4.99
TXN001276,2026-05-22,C5967,P0096,Rolex Cellini Moonphase,Mens-Watches,2,12999.99,0.14,PayPal,New York City,New York,Shipped,2.58
TXN001277,2026-02-02,C1132,P0039,Soft Drinks,Groceries,1,1.99,0.06,Net Banking,Rochester,New York,Delivered,4.75
TXN001278,2025-12-26,C4998,P0091,Sports Sneakers Off White & Red,Mens-Shoes,5,119.99,0.14,Debit Card,San Diego,California,Cancelled,4.77
TXN001279,2025-11-21,C5121,P0058,Fork,,3,3.99,0.12,PayPal,San Francisco,California,Cancelled,3.11
TXN001280,2025-11-23,C2113,P0018,Cat Food,Groceries,1,8.99,0.21,Net Banking,Austin,Texas,Cancelled,3.13
TXN001281,2025-11-30,C6851,P0063,Kitchen Sieve,Kitchen-Accessories,5,7.99,0.17,UPI,Buffalo,New York,Delivered,3.09
TXN001282,2026-03-08,C3099,P0004,Red Lipstick,Beauty,2,12.99,0.12,Debit Card,Orlando,Florida,Delivered,4.36
TXN001283,2026-06-07,C7820,P0083,Blue & Black Check Shirt,Mens-Shirts,5,29.99,0.2,UPI,Dallas,Texas,Delivered,3.64
TXN001284,2026-09-04,C8167,P0093,Brown Leather Belt Watch,Mens-Watches,5,89.99,0.14,Credit Card,Rochester,New York,Shipped,4.19
TXN001285,2026-04-11,C1737,P0075,Tray,Kitchen-Accessories,4,16.99,0.29,Credit Card,New York City,New York,Cancelled,4.62
TXN001286,2026-07-09,C3822,P0038,Rice,Groceries,3,5.99,0.03,Net Banking,New York City,New York,Cancelled,3.18
TXN001287,2026-08-14,C1074,P0056,Electric Stove,Kitchen-Accessories,1,49.99,0.09,PayPal,Dallas,Texas,Processing,4.11
TXN001288,2025-11-10,C5270,P0080,Huawei Matebook X Pro,Laptops,5,1399.99,0.06,Credit Card,San Diego,California,Shipped,4.98
TXN001289,2026-02-19,C6120,P0053,Chopping Board,Kitchen-Accessories,1,-12.99,0.08,UPI,Los Angeles,California,Shipped,3.7
TXN001290,2025-11-05,C9365,P0014,Knoll Saarinen Executive Conference Chair,Furniture,3,499.99,0.07,PayPal,Houston,Texas,Cancelled,4.88
TXN001291,2025-10-11,C6558,P0095,Rolex Cellini Date Black Dial,Mens-Watches,4,8999.99,0.25,UPI,San Francisco,California,Shipped,4.97
TXN001292,2026-03-27,C2801,P0093,Brown Leather Belt Watch,Mens-Watches,3,89.99,0.23,Net Banking,Austin,Texas,Shipped,4.19
TXN001293,2026-08-05,C3394,P0096,Rolex Cellini Moonphase,,3,12999.99,0.08,Debit Card,Los Angeles,California,Delivered,2.58
TXN001294,2025-12-31,C3023,P0041,Tissue Paper Box,Groceries,2,2.49,0.17,Debit Card,Orlando,Florida,Cancelled,2.69
TXN001295,2026-09-11,C6388,P0052,Carbon Steel Wok,Kitchen-Accessories,4,29.99,0.05,Debit Card,Orlando,Florida,Shipped,4.05
TXN001296,2025-12-21,C3798,P0004,Red Lipstick,Beauty,2,12.99,0.02,Credit Card,San Diego,California,Delivered,4.36
TXN001297,2025-10-06,C6202,P0092,Sports Sneakers Off White Red,Mens-Shoes,1,109.99,0.07,Debit Card,Rochester,New York,Shipped,4.69
TXN001298,2026-01-18,C2562,P0039,Soft Drinks,Groceries,5,1.99,0.12,Credit Card,Austin,Texas,Shipped,4.75
TXN001299,2026-06-14,C3212,P0053,Chopping Board,Kitchen-Accessories,3,12.99,0.03,Debit Card,Dallas,Texas,Processing,3.7
TXN001300,2025-12-04,C4958,P0020,Cooking Oil,Groceries,5,4.99,0.27,UPI,San Diego,California,Delivered,4.8
TXN001301,2026-07-25,C7743,P0063,Kitchen Sieve,Kitchen-Accessories,4,7.99,0.01,UPI,Rochester,New York,Processing,3.09
TXN001302,2026-02-12,C3169,P0099,Amazon Echo Plus,Mobile-Accessories,4,99.99,0.03,Credit Card,Orlando,Florida,Delivered,4.99
TXN001303,2026-02-20,C8039,P0027,Honey Jar,Groceries,2,6.99,0.21,Debit Card,Miami,Florida,Processing,3.97
TXN001304,2026-07-18,C7225,P0095,Rolex Cellini Date Black Dial,Mens-Watches,1,8999.99,0.29,Net Banking,Rochester,New York,Cancelled,4.97
TXN001305,2026-03-03,C8718,P0069,Plate,Kitchen-Accessories,1,3.99,0.04,Credit Card,Orlando,Florida,Shipped,3.65
TXN001306,2025-11-14,C5465,P0079,Asus Zenbook Pro Dual Screen Laptop,Laptops,1,1799.99,0.18,Credit Card,Austin,Texas,Cancelled,3.95
TXN001307,2025-12-15,C1177,P0064,Knife,Kitchen-Accessories,3,14.99,0.06,Credit Card,New York City,New York,Shipped,3.26
TXN001308,2025-10-30,C1147,P0059,Glass,Kitchen-Accessories,3,4.99,0.18,Net Banking,Buffalo,New York,Cancelled,4.02
TXN001309,2026-09-15,C1391,P0076,Wooden Rolling Pin,Kitchen-Accessories,4,11.99,0.17,PayPal,Tampa,Florida,Cancelled,2.92
TXN001310,2026-03-05,C1440,P0007,Chanel Coco Noir Eau De,Fragrances,4,129.99,0.13,Credit Card,San Francisco,California,Cancelled,4.26
TXN001311,2026-04-21,C9532,P0053,Chopping Board,Kitchen-Accessories,2,12.99,0.27,Credit Card,Miami,Florida,Shipped,3.7
TXN001312,2026-06-10,C8916,P0024,Fish Steak,Groceries,1,14.99,0.08,Net Banking,Rochester,New York,Cancelled,3.78
TXN001313,2025-10-21,C5165,P0099,Amazon Echo Plus,Mobile-Accessories,1,99.99,0.19,PayPal,Houston,Texas,Cancelled,4.99
TXN001314,2026-10-02,C5828,P0096,Rolex Cellini Moonphase,Mens-Watches,1,12999.99,0.22,PayPal,Houston,Texas,Processing,2.58
TXN001315,2026-01-07,C2969,P0007,Chanel Coco Noir Eau De,,5,129.99,0.0,PayPal,Tampa,Florida,Cancelled,4.26
TXN001316,2025-10-11,C7947,P0096,Rolex Cellini Moonphase,Mens-Watches,3,12999.99,0.21,UPI,Rochester,New York,Shipped,2.58
TXN001317,2026-09-04,C2601,P0002,Eyeshadow Palette with Mirror,Beauty,3,19.99,0.14,Credit Card,Los Angeles,California,Processing,2.86
TXN001318,2026-08-28,C5713,P0057,Fine Mesh Strainer,Kitchen-Accessories,5,9.99,0.03,PayPal,Dallas,Texas,Processing,3.04
TXN001319,2026-03-23,C2180,P0023,Eggs,Groceries,4,2.99,0.23,Debit Card,Los Angeles,California,Shipped,2.53
TXN001320,2026-07-16,C3112,P0031,Lemon,Groceries,1,0.79,0.24,UPI,New York City,New York,Processing,3.53
TXN001321,2026-07-23,C7986,P0074,Spoon,Kitchen-Accessories,5,4.99,0.17,PayPal,New York City,New York,Shipped,4.03
TXN001322,2026-01-05,C4707,P0053,Chopping Board,Kitchen-Accessories,3,12.99,0.01,UPI,Austin,Texas,Shipped,3.7
TXN001323,2026-08-08,C7964,P0025,Green Bell Pepper,Groceries,2,1.29,0.21,PayPal,Miami,Florida,Delivered,3.25
TXN001324,2026-04-06,C1018,P0076,Wooden Rolling Pin,Kitchen-Accessories,3,11.99,0.13,UPI,Rochester,New York,Cancelled,2.92
TXN001325,2026-01-27,C3269,P0030,Kiwi,Groceries,1,2.49,0.29,Debit Card,Los Angeles,California,Cancelled,4.93
TXN001326,2025-11-21,C4013,P0021,Cucumber,Groceries,5,1.49,0.24,Debit Card,Austin,Texas,Processing,4.07
TXN001327,2026-08-04,C1576,P0006,Calvin Klein CK One,Fragrances,1,49.99,0.23,Credit Card,Houston,Texas,Shipped,4.37
TXN001328,2026-02-13,C6433,P0006,Calvin Klein CK One,Fragrances,3,49.99,0.26,Credit Card,San Diego,California,Delivered,4.37
TXN001329,2025-10-18,C4401,P0052,Carbon Steel Wok,Kitchen-Accessories,5,29.99,0.17,Net Banking,Dallas,Texas,Shipped,4.05
TXN001330,2026-05-09,C3244,P0046,Plant Pot,Home-Decoration,1,14.99,0.27,Net Banking,Tampa,Florida,Delivered,3.01
TXN001331,2026-06-04,C3083,P0089,Nike Baseball Cleats,Mens-Shoes,2,79.99,0.03,Debit Card,Dallas,Texas,Delivered,3.88
TXN001332,2026-01-01,C1140,P0097,Rolex Datejust,Mens-Watches,2,10999.99,0.19,Credit Card,Orlando,Florida,Delivered,3.66
TXN001333,2025-10-10,C5536,P0085,Man Plaid Shirt,Mens-Shirts,2,34.99,0.19,UPI,Rochester,New York,Processing,3.46
TXN001334,2026-06-16,C9907,P0021,Cucumber,Groceries,2,1.49,0.27,Net Banking,Orlando,Florida,Processing,4.07
TXN001335,2026-02-08,C7820,P0024,Fish Steak,Groceries,4,14.99,0.09,Credit Card,Houston,Texas,Shipped,3.78
TXN001336,2026-04-11,C5107,P0079,Asus Zenbook Pro Dual Screen Laptop,Laptops,1,1799.99,0.13,PayPal,Austin,Texas,Cancelled,3.95
TXN001337,2025-12-04,C9057,P0069,Plate,Kitchen-Accessories,1,3.99,0.11,PayPal,Tampa,Florida,Shipped,3.65
TXN001338,2026-04-07,C5440,P0054,Citrus Squeezer Yellow,Kitchen-Accessories,5,8.99,0.08,UPI,Dallas,Texas,Processing,4.63
TXN001339,2026-01-19,C8741,P0074,Spoon,Kitchen-Accessories,5,4.99,0.12,UPI,Los Angeles,California,Delivered,4.03
TXN001340,2025-10-25,C2050,P0038,Rice,Groceries,3,5.99,0.01,Net Banking,Tampa,Florida,Delivered,3.18
TXN001341,2026-06-13,C8854,P0100,Apple Airpods,Mobile-Accessories,5,129.99,0.24,UPI,Houston,Texas,Cancelled,4.15
TXN001342,2025-11-26,C6192,P0013,Bedside Table African Cherry,Furniture,3,299.99,0.03,Net Banking,Miami,Florida,Cancelled,2.87
TXN001343,2026-08-24,C1147,P0049,Black Aluminium Cup,Kitchen-Accessories,2,5.99,0.1,Credit Card,Orlando,Florida,Shipped,4.46
TXN001344,2026-03-16,C3241,P0014,Knoll Saarinen Executive Conference Chair,Furniture,1,499.99,0.21,Credit Card,San Diego,California,Delivered,4.88
TXN001345,2026-03-03,C6293,P0043,Decoration Swing,Home-Decoration,2,59.99,0.09,Debit Card,Orlando,Florida,Processing,3.16
TXN001346,2026-07-16,C2299,P0041,Tissue Paper Box,Groceries,5,2.49,0.25,Net Banking,Los Angeles,California,Cancelled,2.69
TXN001347,2025-12-03,C3833,P0066,Microwave Oven,Kitchen-Accessories,3,89.99,0.24,UPI,San Francisco,California,Processing,4.82
TXN001348,2026-08-11,C4714,P0043,Decoration Swing,Home-Decoration,3,59.99,0.24,Debit Card,San Diego,California,Delivered,3.16
TXN001349,2026-02-15,C1440,P0061,Hand Blender,Kitchen-Accessories,2,34.99,0.03,PayPal,Houston,Texas,Delivered,3.86
TXN001350,2026-07-03,C3051,P0021,Cucumber,Groceries,5,1.49,0.0,Debit Card,Los Angeles,California,Cancelled,4.07
TXN001351,2025-12-11,C3217,P0002,Eyeshadow Palette with Mirror,Beauty,2,19.99,0.17,PayPal,New York City,New York,Cancelled,2.86
TXN001352,2026-02-28,C7630,P0036,Protein Powder,Groceries,4,19.99,0.02,Credit Card,Miami,Florida,Delivered,4.18
TXN001353,2026-03-10,C2283,P0035,Potatoes,Groceries,3,2.29,0.07,Credit Card,Tampa,Florida,Cancelled,4.81
TXN001354,2026-02-22,C7662,P0057,Fine Mesh Strainer,Kitchen-Accessories,2,9.99,0.12,Net Banking,Tampa,Florida,Cancelled,3.04
TXN001355,2026-03-01,C7831,P0092,Sports Sneakers Off White Red,Mens-Shoes,4,109.99,0.26,UPI,Los Angeles,California,Cancelled,4.69
TXN001356,2026-04-24,C9251,P0067,Mug Tree Stand,Kitchen-Accessories,3,15.99,0.18,Net Banking,New York City,New York,Cancelled,2.64
TXN001357,2026-04-07,C1822,P0098,Rolex Submariner Watch,Mens-Watches,2,13999.99,0.26,Net Banking,Houston,Texas,Shipped,2.69
TXN001358,2026-08-02,C5189,P0057,Fine Mesh Strainer,Kitchen-Accessories,5,9.99,0.14,Net Banking,Tampa,Florida,Shipped,3.04
TXN001359,2026-02-20,C2150,P0045,House Showpiece Plant,Home-Decoration,5,39.99,0.02,PayPal,Houston,Texas,Cancelled,4.67
TXN001360,2025-10-11,C8089,P0055,Egg Slicer,Kitchen-Accessories,4,6.99,0.29,Debit Card,Los Angeles,California,Cancelled,3.09
TXN001361,2025-10-06,C4275,P0053,Chopping Board,Kitchen-Accessories,4,12.99,0.18,Debit Card,Austin,Texas,Processing,3.7
TXN001362,2026-02-12,C9340,P0069,Plate,Kitchen-Accessories,4,3.99,0.04,PayPal,New York City,New York,Processing,3.65
TXN001363,2026-04-11,C3718,P0046,Plant Pot,Home-Decoration,2,14.99,0.04,Debit Card,Dallas,Texas,Processing,3.01
TXN001364,2026-02-09,C2547,P0026,Green Chili Pepper,Groceries,5,0.99,0.27,UPI,Buffalo,New York,Processing,3.66
TXN001365,2026-09-28,C3902,P0098,Rolex Submariner Watch,Mens-Watches,3,13999.99,0.03,UPI,New York City,New York,Cancelled,2.69
TXN001366,2026-06-06,C5914,P0059,Glass,,2,4.99,0.1,Credit Card,Rochester,New York,Delivered,4.02
TXN001367,2026-06-28,C2801,P0037,Red Onions,Groceries,3,1.99,0.17,Net Banking,New York City,New York,Shipped,4.2
TXN001368,2025-12-05,C9380,P0026,Green Chili Pepper,Groceries,3,0.99,0.19,UPI,Orlando,Florida,Shipped,3.66
TXN001369,2026-03-12,C7400,P0019,Chicken Meat,Groceries,3,9.99,0.28,Debit Card,Miami,Florida,Cancelled,3.19
TXN001370,2025-12-06,C6888,P0087,Men Check Shirt,Mens-Shirts,1,27.99,0.1,Debit Card,San Francisco,California,Processing,2.72
TXN001371,2026-07-18,C8156,P0031,Lemon,Groceries,2,0.79,0.01,PayPal,Los Angeles,California,Processing,3.53
TXN001372,2026-02-07,C5541,P0089,Nike Baseball Cleats,Mens-Shoes,1,79.99,0.06,Net Banking,San Diego,California,Shipped,3.88
TXN001373,2026-02-12,C6414,P0014,Knoll Saarinen Executive Conference Chair,Furniture,4,499.99,0.11,Credit Card,Miami,Florida,Processing,4.88
TXN001374,2026-10-05,C6689,P0034,Nescafe Coffee,Groceries,5,7.99,0.22,Net Banking,Miami,Florida,Shipped,4.82
TXN001375,2026-02-07,C1762,P0037,Red Onions,Groceries,2,1.99,0.27,Debit Card,Buffalo,New York,Cancelled,4.2
TXN001376,2026-09-06,C3794,P0078,Apple MacBook Pro 14 Inch Space Grey,,2,1999.99,0.22,UPI,Houston,Texas,Cancelled,3.65
TXN001377,2026-07-28,C7355,P0059,Glass,Kitchen-Accessories,5,4.99,0.08,Debit Card,Dallas,Texas,Processing,4.02
TXN001378,2026-05-17,C1206,P0064,Knife,Kitchen-Accessories,5,14.99,0.06,UPI,Dallas,Texas,Delivered,3.26
TXN001379,2025-10-16,C7791,P0056,Electric Stove,Kitchen-Accessories,2,49.99,0.2,Debit Card,Dallas,Texas,Processing,4.11
TXN001380,2025-12-29,C5078,P0023,Eggs,Groceries,2,2.99,0.21,Net Banking,Miami,Florida,Delivered,2.53
TXN001381,2026-08-10,C8122,P0047,Table Lamp,Home-Decoration,2,-49.99,0.03,Credit Card,Rochester,New York,Delivered,3.55
TXN001382,2026-01-03,C6921,P0003,Powder Canister,Beauty,1,14.99,0.16,Credit Card,Austin,Texas,Cancelled,4.64
TXN001383,2026-03-23,C6252,P0034,Nescafe Coffee,Groceries,5,7.99,0.17,Credit Card,San Francisco,California,Delivered,4.82
TXN001384,2025-12-11,C5791,P0060,Grater Black,Kitchen-Accessories,1,10.99,0.16,PayPal,Miami,Florida,Shipped,3.21
TXN001385,2026-08-11,C1324,P0070,Red Tongs,Kitchen-Accessories,4,6.99,0.11,Net Banking,Rochester,New York,Shipped,4.42
TXN001386,2025-12-05,C1738,P0017,Beef Steak,Groceries,1,12.99,0.06,Debit Card,San Francisco,California,Cancelled,4.47
TXN001387,2026-04-18,C9927,P0053,Chopping Board,Kitchen-Accessories,5,12.99,0.16,PayPal,Miami,Florida,Cancelled,3.7
TXN001388,2026-01-16,C3149,P0094,Longines Master Collection,Mens-Watches,4,1499.99,0.03,Debit Card,Orlando,Florida,Delivered,3.87
TXN001389,2025-10-19,C4254,P0009,Dolce Shine Eau de,Fragrances,2,69.99,0.16,Net Banking,Rochester,New York,Delivered,3.96
TXN001390,2025-10-18,C6492,P0078,Apple MacBook Pro 14 Inch Space Grey,Laptops,2,1999.99,0.29,Credit Card,Los Angeles,California,Processing,3.65
TXN001391,2026-06-05,C3631,P0049,Black Aluminium Cup,Kitchen-Accessories,3,5.99,0.17,UPI,San Diego,California,Shipped,4.46
TXN001392,2026-02-23,C1075,P0057,Fine Mesh Strainer,Kitchen-Accessories,4,9.99,0.07,PayPal,Austin,Texas,Processing,3.04
TXN001393,2026-01-25,C9032,P0010,Gucci Bloom Eau de,Fragrances,1,79.99,0.21,Net Banking,Rochester,New York,Cancelled,2.74
TXN001394,2026-04-09,C3031,P0094,Longines Master Collection,Mens-Watches,3,1499.99,0.19,Net Banking,Houston,Texas,Cancelled,3.87
TXN001395,2026-07-15,C4700,P0079,Asus Zenbook Pro Dual Screen Laptop,Laptops,1,1799.99,0.03,UPI,Orlando,Florida,Delivered,3.95
TXN001396,2026-01-15,C4439,P0062,Ice Cube Tray,Kitchen-Accessories,5,5.99,0.06,UPI,Tampa,Florida,Shipped,4.71
TXN001397,2025-10-17,C1189,P0055,Egg Slicer,Kitchen-Accessories,2,6.99,0.15,Credit Card,Rochester,New York,Cancelled,3.09
TXN001398,2026-06-10,C1994,P0073,Spice Rack,Kitchen-Accessories,5,19.99,0.22,Credit Card,Dallas,Texas,Cancelled,4.87
TXN001399,2026-09-05,C1677,P0077,Yellow Peeler,Kitchen-Accessories,4,5.99,0.25,UPI,Houston,Texas,Processing,4.24
TXN001400,2026-02-08,C1958,P0091,Sports Sneakers Off White & Red,Mens-Shoes,3,119.99,0.07,UPI,Rochester,New York,Cancelled,4.77
TXN001401,2025-11-24,C7251,P0046,Plant Pot,Home-Decoration,5,14.99,0.16,Debit Card,San Francisco,California,Delivered,3.01
TXN001402,2026-04-23,C3131,P0029,Juice,Groceries,5,3.99,0.1,Credit Card,Rochester,New York,Cancelled,3.94
TXN001403,2026-04-04,C3957,P0005,Red Nail Polish,Beauty,2,8.99,0.04,PayPal,Houston,Texas,Shipped,4.32
TXN001404,2026-05-12,C3044,P0066,Microwave Oven,Kitchen-Accessories,2,89.99,0.11,PayPal,Austin,Texas,Delivered,4.82
TXN001405,2025-12-22,C7400,P0087,Men Check Shirt,Mens-Shirts,3,27.99,0.21,Debit Card,Miami,Florida,Processing,2.72
TXN001406,2026-06-03,C7341,P0020,Cooking Oil,Groceries,2,4.99,0.19,Debit Card,San Francisco,California,Delivered,4.8
TXN001407,2026-02-11,C4477,P0048,Bamboo Spatula,Kitchen-Accessories,5,7.99,0.17,Debit Card,Tampa,Florida,Cancelled,3.27
TXN001408,2026-06-29,C3678,P0055,Egg Slicer,Kitchen-Accessories,4,6.99,0.0,PayPal,Austin,Texas,Processing,3.09
TXN001409,2026-09-15,C7278,P0035,Potatoes,Groceries,4,2.29,0.07,Net Banking,Houston,Texas,Processing,4.81
TXN001410,2026-08-26,C6311,P0088,Nike Air Jordan 1 Red And Black,Mens-Shoes,2,149.99,0.16,Net Banking,New York City,New York,Delivered,4.77
TXN001411,2026-03-14,C2113,P0014,Knoll Saarinen Executive Conference Chair,Furniture,5,499.99,0.27,Credit Card,San Francisco,California,Shipped,4.88
TXN001412,2025-10-28,C8311,P0093,Brown Leather Belt Watch,Mens-Watches,5,89.99,0.17,UPI,Dallas,Texas,Shipped,4.19
TXN001413,2026-06-15,C8947,P0076,Wooden Rolling Pin,Kitchen-Accessories,2,11.99,0.29,Debit Card,Miami,Florida,Shipped,2.92
TXN001414,2025-11-13,C2998,P0072,Slotted Turner,Kitchen-Accessories,3,8.99,0.06,Net Banking,Buffalo,New York,Processing,3.4
TXN001415,2025-11-30,C6234,P0011,Annibale Colombo Bed,Furniture,5,1899.99,0.04,PayPal,Buffalo,New York,Processing,4.77
TXN001416,2026-03-12,C9032,P0060,Grater Black,Kitchen-Accessories,5,10.99,0.2,Credit Card,New York City,New York,Shipped,3.21
TXN001417,2026-03-25,C1471,P0036,Protein Powder,Groceries,5,19.99,0.1,Debit Card,New York City,New York,Processing,4.18
TXN001418,2026-09-20,C6667,P0063,Kitchen Sieve,Kitchen-Accessories,2,7.99,0.3,Credit Card,Los Angeles,California,Shipped,3.09
TXN001419,2025-12-25,C5369,P0064,Knife,Kitchen-Accessories,3,14.99,0.25,Net Banking,Rochester,New York,Delivered,3.26
TXN001420,2026-06-07,C1181,P0050,Black Whisk,Kitchen-Accessories,3,9.99,0.21,PayPal,Tampa,Florida,Processing,3.9
TXN001421,2026-06-02,C7341,P0086,Man Short Sleeve Shirt,Mens-Shirts,2,19.99,0.14,Net Banking,Austin,Texas,Delivered,2.9
TXN001422,2026-05-10,C4807,P0037,Red Onions,Groceries,3,1.99,0.27,Net Banking,Austin,Texas,Delivered,4.2
TXN001423,2026-03-11,C8206,P0010,Gucci Bloom Eau de,Fragrances,5,79.99,0.03,Credit Card,New York City,New York,Processing,2.74
TXN001424,2026-01-13,C2695,P0047,Table Lamp,Home-Decoration,4,49.99,0.29,Credit Card,Los Angeles,California,Cancelled,3.55
TXN001425,2026-06-02,C3184,P0058,Fork,Kitchen-Accessories,4,3.99,0.05,Net Banking,San Diego,California,Delivered,3.11
TXN001426,2026-07-18,C4820,P0070,Red Tongs,Kitchen-Accessories,1,6.99,0.24,Debit Card,San Francisco,California,Shipped,4.42
TXN001427,2026-02-01,C2566,P0092,Sports Sneakers Off White Red,Mens-Shoes,2,109.99,0.26,Credit Card,Rochester,New York,Processing,4.69
TXN001428,2026-02-23,C5039,P0032,Milk,Groceries,5,-3.49,0.26,UPI,Tampa,Florida,Processing,2.61
TXN001429,2025-12-31,C9915,P0088,Nike Air Jordan 1 Red And Black,Mens-Shoes,2,149.99,0.05,Net Banking,Dallas,Texas,Shipped,4.77
TXN001430,2026-05-03,C1676,P0015,Wooden Bathroom Sink With Mirror,Furniture,4,799.99,0.13,Net Banking,Miami,Florida,Shipped,3.59
TXN001431,2025-11-29,C8857,P0002,Eyeshadow Palette with Mirror,Beauty,4,-19.99,0.2,PayPal,Buffalo,New York,Delivered,2.86
TXN001432,2025-11-22,C9741,P0052,Carbon Steel Wok,Kitchen-Accessories,1,29.99,0.27,Credit Card,Rochester,New York,Processing,4.05
TXN001433,2025-11-03,C2360,P0079,Asus Zenbook Pro Dual Screen Laptop,Laptops,5,1799.99,0.03,PayPal,Miami,Florida,Delivered,3.95
TXN001434,2025-11-18,C8851,P0077,Yellow Peeler,Kitchen-Accessories,5,5.99,0.04,Debit Card,Orlando,Florida,Shipped,4.24
TXN001435,2026-02-05,C1645,P0040,Strawberry,Groceries,2,3.99,0.25,Debit Card,Los Angeles,California,Cancelled,3.08
TXN001436,2026-05-23,C5947,P0030,Kiwi,Groceries,1,2.49,0.28,Credit Card,Buffalo,New York,Shipped,4.93
TXN001437,2025-12-01,C4003,P0087,Men Check Shirt,Mens-Shirts,4,27.99,0.21,Debit Card,Austin,Texas,Delivered,2.72
TXN001438,2026-04-22,C7642,P0013,Bedside Table African Cherry,Furniture,1,299.99,0.23,UPI,Tampa,Florida,Shipped,2.87
TXN001439,2026-08-08,C4413,P0016,Apple,Groceries,2,1.99,0.26,PayPal,New York City,New York,Delivered,4.19
TXN001440,2025-10-29,C5243,P0051,Boxed Blender,Kitchen-Accessories,2,39.99,0.21,Debit Card,Los Angeles,California,Processing,4.56
TXN001441,2025-10-25,C9731,P0022,Dog Food,Groceries,1,10.99,0.28,PayPal,Dallas,Texas,Cancelled,4.55
TXN001442,2026-08-26,C8909,P0078,Apple MacBook Pro 14 Inch Space Grey,Laptops,3,1999.99,0.08,Net Banking,San Diego,California,Shipped,3.65
TXN001443,2026-05-26,C2338,P0031,Lemon,Groceries,1,0.79,0.06,Debit Card,Tampa,Florida,Shipped,3.53
TXN001444,2025-12-27,C2828,P0096,Rolex Cellini Moonphase,Mens-Watches,2,12999.99,0.14,Credit Card,San Diego,California,Delivered,2.58
TXN001445,2026-02-25,C1943,P0092,Sports Sneakers Off White Red,Mens-Shoes,3,109.99,0.14,UPI,New York City,New York,Cancelled,4.69
TXN001446,2026-03-11,C7003,P0037,Red Onions,,3,1.99,0.1,PayPal,New York City,New York,Cancelled,4.2
TXN001447,2026-07-16,C4502,P0033,Mulberry,Groceries,3,4.99,0.17,Net Banking,San Diego,California,Shipped,4.95
TXN001448,2025-11-13,C8080,P0030,Kiwi,Groceries,4,2.49,0.2,UPI,Tampa,Florida,Delivered,4.93
TXN001449,2026-03-28,C7556,P0094,Longines Master Collection,Mens-Watches,3,1499.99,0.03,Net Banking,Dallas,Texas,Shipped,3.87
TXN001450,2026-03-04,C2242,P0052,Carbon Steel Wok,Kitchen-Accessories,4,29.99,0.2,UPI,Austin,Texas,Processing,4.05
TXN001451,2026-08-18,C2293,P0020,Cooking Oil,Groceries,4,4.99,0.13,UPI,Los Angeles,California,Delivered,4.8
TXN001452,2026-02-08,C6457,P0037,Red Onions,Groceries,1,1.99,0.12,Net Banking,Rochester,New York,Delivered,4.2
TXN001453,2026-05-02,C1218,P0003,Powder Canister,Beauty,2,14.99,0.17,Net Banking,Tampa,Florida,Delivered,4.64
TXN001454,2026-07-31,C6466,P0075,Tray,Kitchen-Accessories,3,16.99,0.27,Debit Card,Austin,Texas,Delivered,4.62
TXN001455,2025-10-15,C3399,P0076,Wooden Rolling Pin,Kitchen-Accessories,2,11.99,0.05,Debit Card,Orlando,Florida,Delivered,2.92
TXN001456,2026-05-25,C7452,P0065,Lunch Box,Kitchen-Accessories,1,12.99,0.14,PayPal,San Diego,California,Cancelled,4.93
TXN001457,2026-09-25,C3496,P0086,Man Short Sleeve Shirt,,2,19.99,0.17,Credit Card,Rochester,New York,Shipped,2.9
TXN001458,2026-08-27,C8113,P0056,Electric Stove,Kitchen-Accessories,5,-49.99,0.14,Net Banking,San Diego,California,Shipped,4.11
TXN001459,2025-11-28,C4002,P0032,Milk,Groceries,3,3.49,0.07,Credit Card,Austin,Texas,Shipped,2.61
TXN001460,2026-01-10,C5598,P0050,Black Whisk,Kitchen-Accessories,2,9.99,0.26,Credit Card,Tampa,Florida,Shipped,3.9
TXN001461,2026-07-24,C3343,P0095,Rolex Cellini Date Black Dial,Mens-Watches,1,8999.99,0.02,Credit Card,Rochester,New York,Delivered,4.97
TXN001462,2026-07-19,C2249,P0008,Dior J'adore,Fragrances,4,89.99,0.16,Net Banking,Dallas,Texas,Processing,3.8
TXN001463,2025-11-02,C5152,P0044,Family Tree Photo Frame,Home-Decoration,4,29.99,0.0,Net Banking,Orlando,Florida,Delivered,4.53
TXN001464,2026-02-26,C3997,P0009,Dolce Shine Eau de,Fragrances,1,69.99,0.2,Net Banking,New York City,New York,Cancelled,3.96
TXN001465,2026-10-02,C4165,P0001,Essence Mascara Lash Princess,,2,9.99,0.14,PayPal,Houston,Texas,Cancelled,2.56
TXN001466,2026-02-16,C5803,P0077,Yellow Peeler,Kitchen-Accessories,4,5.99,0.24,Credit Card,Houston,Texas,Cancelled,4.24
TXN001467,2026-02-24,C3224,P0054,Citrus Squeezer Yellow,,1,8.99,0.12,Credit Card,Tampa,Florida,Shipped,4.63
TXN001468,2026-05-20,C9061,P0040,Strawberry,,3,3.99,0.04,Debit Card,Houston,Texas,Delivered,3.08
TXN001469,2026-01-24,C2931,P0068,Pan,Kitchen-Accessories,1,24.99,0.26,UPI,Orlando,Florida,Shipped,2.79
TXN001470,2026-08-18,C2363,P0053,Chopping Board,Kitchen-Accessories,4,12.99,0.19,PayPal,Austin,Texas,Processing,3.7
TXN001471,2025-10-15,C5328,P0061,Hand Blender,Kitchen-Accessories,4,34.99,0.06,Net Banking,San Francisco,California,Delivered,3.86
TXN001472,2026-03-03,C2676,P0002,Eyeshadow Palette with Mirror,Beauty,1,19.99,0.17,Debit Card,Houston,Texas,Processing,2.86
TXN001473,2025-12-04,C6547,P0076,Wooden Rolling Pin,Kitchen-Accessories,5,11.99,0.12,UPI,Rochester,New York,Delivered,2.92
TXN001474,2026-10-04,C2350,P0037,Red Onions,Groceries,4,1.99,0.22,Net Banking,Tampa,Florida,Delivered,4.2
TXN001475,2026-02-03,C3184,P0064,Knife,Kitchen-Accessories,4,14.99,0.06,Net Banking,San Francisco,California,Shipped,3.26
TXN001476,2025-10-11,C2814,P0055,Egg Slicer,Kitchen-Accessories,2,6.99,0.17,Debit Card,New York City,New York,Delivered,3.09
TXN001477,2026-04-21,C9863,P0040,Strawberry,Groceries,2,3.99,0.24,Debit Card,Los Angeles,California,Delivered,3.08
TXN001478,2026-10-03,C9608,P0054,Citrus Squeezer Yellow,,3,8.99,0.18,Net Banking,San Francisco,California,Processing,4.63
TXN001479,2026-08-31,C9958,P0063,Kitchen Sieve,Kitchen-Accessories,1,7.99,0.24,Credit Card,Miami,Florida,Cancelled,3.09
TXN001480,2026-04-15,C8338,P0039,Soft Drinks,Groceries,5,1.99,0.03,Debit Card,San Diego,California,Cancelled,4.75
TXN001481,2026-03-31,C6773,P0061,Hand Blender,Kitchen-Accessories,2,34.99,0.01,PayPal,San Diego,California,Shipped,3.86
TXN001482,2026-01-26,C4025,P0030,Kiwi,Groceries,2,2.49,0.1,Net Banking,Miami,Florida,Delivered,4.93
TXN001483,2026-10-05,C8789,P0028,Ice Cream,Groceries,4,5.49,0.01,Net Banking,San Diego,California,Processing,3.39
TXN001484,2026-03-02,C3505,P0098,Rolex Submariner Watch,Mens-Watches,3,13999.99,0.04,Debit Card,Austin,Texas,Shipped,2.69
TXN001485,2026-02-22,C6981,P0058,Fork,Kitchen-Accessories,3,3.99,0.04,Net Banking,San Francisco,California,Processing,3.11
TXN001486,2026-06-02,C2314,P0095,Rolex Cellini Date Black Dial,Mens-Watches,3,8999.99,0.21,UPI,Rochester,New York,Shipped,4.97
TXN001487,2026-09-09,C3080,P0005,Red Nail Polish,Beauty,1,8.99,0.14,Debit Card,Austin,Texas,Cancelled,4.32
TXN001488,2026-06-20,C8739,P0043,Decoration Swing,Home-Decoration,2,59.99,0.18,Credit Card,Rochester,New York,Cancelled,3.16
TXN001489,2026-04-30,C8632,P0093,Brown Leather Belt Watch,Mens-Watches,1,89.99,0.25,Debit Card,Rochester,New York,Cancelled,4.19
TXN001490,2026-04-15,C3846,P0007,Chanel Coco Noir Eau De,Fragrances,2,129.99,0.05,Credit Card,Houston,Texas,Processing,4.26
TXN001491,2026-06-10,C4550,P0052,Carbon Steel Wok,Kitchen-Accessories,2,29.99,0.22,PayPal,Miami,Florida,Shipped,4.05
TXN001492,2026-04-04,C2623,P0042,Water,Groceries,5,0.99,0.3,Debit Card,Houston,Texas,Shipped,4.96
TXN001493,2025-11-02,C3003,P0086,Man Short Sleeve Shirt,Mens-Shirts,3,19.99,0.17,Net Banking,Austin,Texas,Cancelled,2.9
TXN001494,2026-04-23,C6921,P0091,Sports Sneakers Off White & Red,Mens-Shoes,1,119.99,0.21,UPI,Austin,Texas,Cancelled,4.77
TXN001495,2025-12-29,C9071,P0042,Water,Groceries,3,0.99,0.27,Debit Card,San Francisco,California,Shipped,4.96
TXN001496,2026-07-11,C8441,P0022,Dog Food,Groceries,3,10.99,0.28,Net Banking,Houston,Texas,Shipped,4.55
TXN001497,2025-11-22,C4944,P0018,Cat Food,Groceries,5,8.99,0.01,PayPal,San Francisco,California,Shipped,3.13
TXN001498,2026-01-05,C5499,P0070,Red Tongs,Kitchen-Accessories,4,6.99,0.17,Debit Card,Houston,Texas,Shipped,4.42
TXN001499,2026-01-04,C8779,P0041,Tissue Paper Box,Groceries,1,2.49,0.2,Credit Card,Austin,Texas,Shipped,2.69
TXN001500,2026-01-11,C7130,P0005,Red Nail Polish,Beauty,4,8.99,0.11,UPI,Dallas,Texas,Cancelled,4.32
TXN001501,2026-03-26,C3933,P0055,Egg Slicer,Kitchen-Accessories,4,6.99,0.0,Net Banking,Austin,Texas,Processing,3.09
TXN001502,2026-02-18,C9199,P0016,Apple,Groceries,5,1.99,0.22,Debit Card,Miami,Florida,Delivered,4.19
TXN001503,2026-08-27,C4779,P0015,Wooden Bathroom Sink With Mirror,Furniture,2,799.99,0.01,PayPal,Los Angeles,California,Delivered,3.59
TXN001504,2025-12-17,C3633,P0036,Protein Powder,Groceries,1,19.99,0.18,Net Banking,Tampa,Florida,Shipped,4.18
TXN001505,2026-03-05,C6336,P0091,Sports Sneakers Off White & Red,Mens-Shoes,3,119.99,0.08,Net Banking,San Diego,California,Delivered,4.77
TXN001506,2026-04-17,C2916,P0022,Dog Food,Groceries,2,10.99,0.27,UPI,New York City,New York,Cancelled,4.55
TXN001507,2026-01-20,C6656,P0064,Knife,Kitchen-Accessories,3,14.99,0.26,Net Banking,Buffalo,New York,Delivered,3.26
TXN001508,2026-01-26,C7139,P0015,Wooden Bathroom Sink With Mirror,Furniture,3,799.99,0.18,Net Banking,San Francisco,California,Cancelled,3.59
TXN001509,2025-10-10,C7768,P0009,Dolce Shine Eau de,Fragrances,5,69.99,0.19,UPI,Los Angeles,California,Shipped,3.96
TXN001510,2026-05-09,C1822,P0077,Yellow Peeler,Kitchen-Accessories,3,5.99,0.16,UPI,Orlando,Florida,Processing,4.24
TXN001511,2026-01-22,C5261,P0085,Man Plaid Shirt,Mens-Shirts,3,34.99,0.28,Credit Card,Austin,Texas,Delivered,3.46
TXN001512,2026-06-19,C3505,P0069,Plate,Kitchen-Accessories,3,3.99,0.27,Credit Card,New York City,New York,Cancelled,3.65
TXN001513,2026-08-22,C9032,P0030,Kiwi,Groceries,4,2.49,0.13,Credit Card,Tampa,Florida,Delivered,4.93
TXN001514,2026-03-24,C9955,P0020,Cooking Oil,Groceries,4,4.99,0.07,PayPal,Rochester,New York,Processing,4.8
TXN001515,2026-09-08,C4892,P0006,Calvin Klein CK One,Fragrances,1,49.99,0.19,PayPal,Tampa,Florida,Delivered,4.37
TXN001516,2026-06-29,C1872,P0025,Green Bell Pepper,Groceries,3,1.29,0.0,PayPal,Tampa,Florida,Delivered,3.25
TXN001517,2026-01-03,C7801,P0069,Plate,Kitchen-Accessories,5,3.99,0.26,UPI,Tampa,Florida,Delivered,3.65
TXN001518,2026-06-25,C7336,P0078,Apple MacBook Pro 14 Inch Space Grey,Laptops,4,1999.99,0.22,UPI,San Diego,California,Cancelled,3.65
TXN001519,2026-08-21,C9522,P0064,Knife,Kitchen-Accessories,3,14.99,0.15,PayPal,Rochester,New York,Delivered,3.26
TXN001520,2026-04-02,C8926,P0003,Powder Canister,Beauty,3,14.99,0.25,Debit Card,Rochester,New York,Shipped,4.64
TXN001521,2026-09-17,C3865,P0008,Dior J'adore,Fragrances,2,89.99,0.19,UPI,Houston,Texas,Shipped,3.8
TXN001522,2025-12-31,C3194,P0022,Dog Food,Groceries,3,10.99,0.02,Debit Card,Buffalo,New York,Delivered,4.55
TXN001523,2026-02-05,C7405,P0094,Longines Master Collection,Mens-Watches,3,1499.99,0.16,UPI,San Diego,California,Delivered,3.87
TXN001524,2026-01-12,C4699,P0075,Tray,Kitchen-Accessories,2,16.99,0.24,Debit Card,Austin,Texas,Delivered,4.62
TXN001525,2025-11-12,C8565,P0082,New DELL XPS 13 9300 Laptop,Laptops,5,1499.99,0.16,Credit Card,New York City,New York,Cancelled,2.67
TXN001526,2026-08-21,C8613,P0032,Milk,Groceries,5,3.49,0.0,UPI,Austin,Texas,Cancelled,2.61
TXN001527,2025-10-17,C8258,P0022,Dog Food,Groceries,4,10.99,0.0,PayPal,Austin,Texas,Processing,4.55
TXN001528,2026-05-11,C7007,P0086,Man Short Sleeve Shirt,Mens-Shirts,2,19.99,0.14,UPI,San Diego,California,Cancelled,2.9
TXN001529,2026-08-24,C6794,P0044,Family Tree Photo Frame,Home-Decoration,5,29.99,0.28,Debit Card,San Diego,California,Processing,4.53
TXN001530,2026-09-17,C1856,P0064,Knife,Kitchen-Accessories,2,14.99,0.13,Debit Card,New York City,New York,Processing,3.26
TXN001531,2025-10-28,C4206,P0037,Red Onions,Groceries,2,1.99,0.17,UPI,San Diego,California,Delivered,4.2
TXN001532,2025-10-21,C2279,P0007,Chanel Coco Noir Eau De,Fragrances,5,129.99,0.09,Net Banking,Miami,Florida,Cancelled,4.26
TXN001533,2026-01-21,C2873,P0059,Glass,Kitchen-Accessories,1,4.99,0.16,PayPal,San Francisco,California,Shipped,4.02
TXN001534,2026-04-04,C8754,P0031,Lemon,Groceries,1,0.79,0.28,Debit Card,Buffalo,New York,Cancelled,3.53
TXN001535,2026-06-17,C9239,P0092,Sports Sneakers Off White Red,Mens-Shoes,2,109.99,0.03,Debit Card,Orlando,Florida,Shipped,4.69
TXN001536,2025-12-19,C1597,P0092,Sports Sneakers Off White Red,Mens-Shoes,2,109.99,0.23,Net Banking,San Francisco,California,Delivered,4.69
TXN001537,2026-03-09,C8023,P0078,Apple MacBook Pro 14 Inch Space Grey,Laptops,4,1999.99,0.12,Credit Card,Tampa,Florida,Cancelled,3.65
TXN001538,2025-11-12,C4316,P0078,Apple MacBook Pro 14 Inch Space Grey,Laptops,3,1999.99,0.21,UPI,Orlando,Florida,Delivered,3.65
TXN001539,2025-11-25,C5493,P0019,Chicken Meat,Groceries,5,9.99,0.03,Net Banking,Houston,Texas,Shipped,3.19
TXN001540,2026-04-08,C8063,P0012,Annibale Colombo Sofa,Furniture,2,2499.99,0.08,Net Banking,Houston,Texas,Delivered,3.92
TXN001541,2026-05-03,C8728,P0099,Amazon Echo Plus,Mobile-Accessories,4,99.99,0.19,Net Banking,Miami,Florida,Cancelled,4.99
TXN001542,2026-01-29,C4113,P0079,Asus Zenbook Pro Dual Screen Laptop,Laptops,2,1799.99,0.0,Net Banking,Orlando,Florida,Cancelled,3.95
TXN001543,2026-01-08,C9370,P0005,Red Nail Polish,Beauty,1,8.99,0.09,Credit Card,Buffalo,New York,Shipped,4.32
TXN001544,2026-07-14,C5098,P0035,Potatoes,Groceries,4,2.29,0.06,Net Banking,Tampa,Florida,Delivered,4.81
TXN001545,2026-06-16,C1831,P0100,Apple Airpods,Mobile-Accessories,3,129.99,0.29,PayPal,Tampa,Florida,Processing,4.15
TXN001546,2026-06-14,C5445,P0049,Black Aluminium Cup,Kitchen-Accessories,2,5.99,0.11,PayPal,Houston,Texas,Cancelled,4.46
TXN001547,2026-07-09,C4384,P0023,Eggs,Groceries,1,2.99,0.13,Net Banking,New York City,New York,Shipped,2.53
TXN001548,2026-04-12,C3051,P0027,Honey Jar,Groceries,5,6.99,0.22,Debit Card,Dallas,Texas,Delivered,3.97
TXN001549,2026-06-27,C5787,P0035,Potatoes,Groceries,4,2.29,0.03,UPI,Orlando,Florida,Shipped,4.81
TXN001550,2026-01-25,C7439,P0024,Fish Steak,Groceries,4,14.99,0.02,Credit Card,Dallas,Texas,Shipped,3.78
TXN001551,2026-08-07,C9131,P0019,Chicken Meat,Groceries,1,9.99,0.14,Net Banking,San Francisco,California,Processing,3.19
TXN001552,2026-03-27,C3486,P0051,Boxed Blender,Kitchen-Accessories,5,39.99,0.07,Net Banking,Los Angeles,California,Cancelled,4.56
TXN001553,2025-12-23,C4797,P0038,Rice,Groceries,5,5.99,0.0,Credit Card,San Francisco,California,Delivered,3.18
TXN001554,2026-08-13,C3905,P0094,Longines Master Collection,Mens-Watches,1,1499.99,0.21,Debit Card,Los Angeles,California,Shipped,3.87
TXN001555,2026-05-01,C2439,P0048,Bamboo Spatula,Kitchen-Accessories,3,7.99,0.29,UPI,Rochester,New York,Shipped,3.27
TXN001556,2025-10-30,C3600,P0022,Dog Food,Groceries,5,10.99,0.27,Credit Card,New York City,New York,Delivered,4.55
TXN001557,2026-02-13,C5703,P0070,Red Tongs,Kitchen-Accessories,5,6.99,0.16,Net Banking,Miami,Florida,Cancelled,4.42
TXN001558,2026-07-05,C1230,P0067,Mug Tree Stand,Kitchen-Accessories,2,15.99,0.28,Debit Card,New York City,New York,Delivered,2.64
TXN001559,2026-02-04,C4935,P0043,Decoration Swing,Home-Decoration,5,59.99,0.17,UPI,Austin,Texas,Processing,3.16
TXN001560,2026-07-01,C9256,P0050,Black Whisk,Kitchen-Accessories,1,9.99,0.28,UPI,Austin,Texas,Cancelled,3.9
TXN001561,2025-10-12,C2337,P0090,Puma Future Rider Trainers,Mens-Shoes,5,89.99,0.09,PayPal,New York City,New York,Shipped,4.9
TXN001562,2026-08-28,C1931,P0037,Red Onions,Groceries,1,1.99,0.24,Net Banking,Orlando,Florida,Shipped,4.2
TXN001563,2026-09-10,C2444,P0094,Longines Master Collection,Mens-Watches,3,1499.99,0.19,Debit Card,Austin,Texas,Shipped,3.87
TXN001564,2026-02-12,C6714,P0053,Chopping Board,Kitchen-Accessories,3,12.99,0.29,Net Banking,San Francisco,California,Delivered,3.7
TXN001565,2026-03-11,C4228,P0021,Cucumber,Groceries,2,1.49,0.18,UPI,Dallas,Texas,Delivered,4.07
TXN001566,2026-08-10,C3094,P0091,Sports Sneakers Off White & Red,Mens-Shoes,3,119.99,0.12,Net Banking,Houston,Texas,Cancelled,4.77
TXN001567,2026-03-26,C3999,P0009,Dolce Shine Eau de,Fragrances,2,69.99,0.18,Credit Card,Miami,Florida,Delivered,3.96
TXN001568,2025-11-10,C4357,P0084,Gigabyte Aorus Men Tshirt,Mens-Shirts,1,24.99,0.26,UPI,Miami,Florida,Processing,3.18
TXN001569,2025-12-23,C5377,P0007,Chanel Coco Noir Eau De,Fragrances,1,129.99,0.17,UPI,San Francisco,California,Delivered,4.26
TXN001570,2026-07-04,C5211,P0035,Potatoes,Groceries,4,2.29,0.17,PayPal,Austin,Texas,Shipped,4.81
TXN001571,2026-01-13,C7653,P0002,Eyeshadow Palette with Mirror,Beauty,4,19.99,0.17,Net Banking,San Diego,California,Processing,2.86
TXN001572,2026-01-30,C6821,P0009,Dolce Shine Eau de,Fragrances,1,69.99,0.05,Net Banking,Miami,Florida,Processing,3.96
TXN001573,2026-08-03,C5949,P0021,Cucumber,Groceries,1,1.49,0.29,Net Banking,Austin,Texas,Shipped,4.07
TXN001574,2026-04-05,C8805,P0025,Green Bell Pepper,Groceries,4,1.29,0.03,UPI,Tampa,Florida,Cancelled,3.25
TXN001575,2026-02-26,C1485,P0001,Essence Mascara Lash Princess,Beauty,5,9.99,0.16,Net Banking,Houston,Texas,Cancelled,2.56
TXN001576,2026-03-25,C5185,P0098,Rolex Submariner Watch,Mens-Watches,2,13999.99,0.0,PayPal,Tampa,Florida,Shipped,2.69
TXN001577,2025-10-23,C3928,P0078,Apple MacBook Pro 14 Inch Space Grey,Laptops,5,1999.99,0.18,UPI,Buffalo,New York,Delivered,3.65
TXN001578,2025-10-28,C2291,P0003,Powder Canister,Beauty,1,14.99,0.21,Net Banking,New York City,New York,Processing,4.64
TXN001579,2026-09-27,C3604,P0021,Cucumber,Groceries,5,1.49,0.28,Credit Card,San Francisco,California,Cancelled,4.07
TXN001580,2025-12-19,C3615,P0077,Yellow Peeler,Kitchen-Accessories,4,5.99,0.01,PayPal,Los Angeles,California,Processing,4.24
TXN001581,2025-11-24,C9902,P0095,Rolex Cellini Date Black Dial,Mens-Watches,1,8999.99,0.25,Debit Card,Rochester,New York,Shipped,4.97
TXN001582,2026-03-04,C4437,P0048,Bamboo Spatula,Kitchen-Accessories,3,7.99,0.01,Debit Card,San Francisco,California,Cancelled,3.27
TXN001583,2026-05-17,C2459,P0053,Chopping Board,Kitchen-Accessories,1,12.99,0.2,UPI,Miami,Florida,Delivered,3.7
TXN001584,2026-07-06,C6347,P0071,Silver Pot With Glass Cap,Kitchen-Accessories,4,39.99,0.19,PayPal,Tampa,Florida,Cancelled,3.22
TXN001585,2026-05-15,C9619,P0068,Pan,Kitchen-Accessories,2,24.99,0.06,Net Banking,Buffalo,New York,Processing,2.79
TXN001586,2026-09-08,C1907,P0032,Milk,Groceries,2,3.49,0.21,UPI,Buffalo,New York,Processing,2.61
TXN001587,2025-12-13,C4931,P0011,Annibale Colombo Bed,Furniture,2,1899.99,0.02,PayPal,Miami,Florida,Shipped,4.77
TXN001588,2026-03-26,C9406,P0094,Longines Master Collection,Mens-Watches,5,1499.99,0.24,Debit Card,San Diego,California,Shipped,3.87
TXN001589,2026-09-26,C6032,P0056,Electric Stove,Kitchen-Accessories,2,49.99,0.09,Net Banking,Miami,Florida,Delivered,4.11
TXN001590,2025-10-25,C6414,P0021,Cucumber,Groceries,4,1.49,0.09,UPI,Rochester,New York,Processing,4.07
TXN001591,2026-02-26,C4104,P0064,Knife,Kitchen-Accessories,3,14.99,0.1,UPI,Austin,Texas,Delivered,3.26
TXN001592,2026-07-21,C7484,P0095,Rolex Cellini Date Black Dial,Mens-Watches,3,8999.99,0.28,Debit Card,Austin,Texas,Shipped,4.97
TXN001593,2026-08-16,C1377,P0050,Black Whisk,Kitchen-Accessories,2,9.99,0.19,Credit Card,Buffalo,New York,Cancelled,3.9
TXN001594,2026-02-23,C3004,P0033,Mulberry,Groceries,2,4.99,0.22,UPI,Rochester,New York,Processing,4.95
TXN001595,2026-01-30,C8770,P0028,Ice Cream,Groceries,2,5.49,0.12,Net Banking,San Francisco,California,Delivered,3.39
TXN001596,2026-03-07,C1468,P0046,Plant Pot,Home-Decoration,4,14.99,0.06,Net Banking,Austin,Texas,Shipped,3.01
TXN001597,2026-02-22,C2485,P0085,Man Plaid Shirt,Mens-Shirts,5,34.99,0.17,Net Banking,Buffalo,New York,Shipped,3.46
TXN001598,2026-10-02,C1970,P0091,Sports Sneakers Off White & Red,Mens-Shoes,3,119.99,0.28,PayPal,New York City,New York,Delivered,4.77
TXN001599,2026-02-07,C5296,P0032,Milk,,3,3.49,0.25,Credit Card,San Francisco,California,Delivered,2.61
TXN001600,2026-06-12,C9062,P0059,Glass,Kitchen-Accessories,3,4.99,0.05,Debit Card,San Francisco,California,Processing,4.02
TXN001601,2026-03-15,C9139,P0033,Mulberry,Groceries,2,4.99,0.25,Credit Card,Los Angeles,California,Processing,4.95
TXN001602,2026-06-13,C7511,P0029,Juice,Groceries,5,3.99,0.14,Debit Card,San Diego,California,Delivered,3.94
TXN001603,2026-06-08,C2454,P0098,Rolex Submariner Watch,Mens-Watches,1,13999.99,0.18,Net Banking,Orlando,Florida,Processing,2.69
TXN001604,2025-11-29,C9711,P0084,Gigabyte Aorus Men Tshirt,Mens-Shirts,4,24.99,0.29,UPI,Los Angeles,California,Processing,3.18
TXN001605,2026-08-17,C6719,P0024,Fish Steak,Groceries,4,14.99,0.07,UPI,Miami,Florida,Shipped,3.78
TXN001606,2026-05-17,C7786,P0076,Wooden Rolling Pin,Kitchen-Accessories,4,11.99,0.25,UPI,Los Angeles,California,Shipped,2.92
TXN001607,2026-09-10,C2805,P0002,Eyeshadow Palette with Mirror,Beauty,2,19.99,0.04,Debit Card,San Diego,California,Delivered,2.86
TXN001608,2026-05-05,C4137,P0096,Rolex Cellini Moonphase,Mens-Watches,5,12999.99,0.16,Debit Card,Houston,Texas,Delivered,2.58
TXN001609,2025-12-25,C2634,P0014,Knoll Saarinen Executive Conference Chair,Furniture,4,499.99,0.15,Debit Card,Orlando,Florida,Shipped,4.88
TXN001610,2026-01-12,C2675,P0039,Soft Drinks,Groceries,2,1.99,0.22,PayPal,Los Angeles,California,Processing,4.75
TXN001611,2026-03-20,C6273,P0035,Potatoes,Groceries,4,2.29,0.05,Net Banking,Tampa,Florida,Shipped,4.81
TXN001612,2026-01-14,C7530,P0099,Amazon Echo Plus,Mobile-Accessories,3,99.99,0.24,PayPal,Tampa,Florida,Delivered,4.99
TXN001613,2026-05-20,C7668,P0034,Nescafe Coffee,Groceries,4,7.99,0.24,Net Banking,San Francisco,California,Processing,4.82
TXN001614,2026-09-11,C8451,P0078,Apple MacBook Pro 14 Inch Space Grey,Laptops,2,1999.99,0.17,UPI,San Francisco,California,Cancelled,3.65
TXN001615,2026-07-29,C3690,P0014,Knoll Saarinen Executive Conference Chair,Furniture,4,499.99,0.26,Net Banking,Tampa,Florida,Shipped,4.88
TXN001616,2026-03-05,C5761,P0039,Soft Drinks,Groceries,2,1.99,0.22,UPI,Houston,Texas,Processing,4.75
TXN001617,2026-01-22,C6574,P0074,Spoon,Kitchen-Accessories,4,4.99,0.03,Debit Card,Houston,Texas,Cancelled,4.03
TXN001618,2025-11-11,C3421,P0054,Citrus Squeezer Yellow,Kitchen-Accessories,3,8.99,0.16,PayPal,San Francisco,California,Cancelled,4.63
TXN001619,2026-05-31,C7924,P0078,Apple MacBook Pro 14 Inch Space Grey,Laptops,3,1999.99,0.16,UPI,Los Angeles,California,Shipped,3.65
TXN001620,2026-06-23,C9302,P0075,Tray,Kitchen-Accessories,4,16.99,0.22,Debit Card,Buffalo,New York,Delivered,4.62
TXN001621,2025-12-23,C2058,P0031,Lemon,Groceries,1,0.79,0.05,UPI,Miami,Florida,Shipped,3.53
TXN001622,2026-02-03,C1316,P0027,Honey Jar,Groceries,2,6.99,0.22,Debit Card,Buffalo,New York,Delivered,3.97
TXN001623,2026-03-21,C8812,P0041,Tissue Paper Box,Groceries,5,2.49,0.19,PayPal,New York City,New York,Delivered,2.69
TXN001624,2025-11-26,C4004,P0076,Wooden Rolling Pin,Kitchen-Accessories,4,11.99,0.11,Net Banking,Rochester,New York,Shipped,2.92
TXN001625,2026-01-20,C9964,P0100,Apple Airpods,Mobile-Accessories,5,129.99,0.04,Net Banking,Buffalo,New York,Delivered,4.15
TXN001626,2026-05-17,C1959,P0026,Green Chili Pepper,Groceries,3,0.99,0.17,Net Banking,Orlando,Florida,Processing,3.66
TXN001627,2026-06-14,C8007,P0027,Honey Jar,Groceries,4,6.99,0.29,Debit Card,New York City,New York,Delivered,3.97
TXN001628,2026-08-08,C5337,P0030,Kiwi,Groceries,3,2.49,0.17,Credit Card,San Francisco,California,Shipped,4.93
TXN001629,2026-01-05,C3948,P0026,Green Chili Pepper,Groceries,3,0.99,0.03,Credit Card,Tampa,Florida,Cancelled,3.66
TXN001630,2026-10-04,C8429,P0093,Brown Leather Belt Watch,Mens-Watches,4,89.99,0.23,Net Banking,New York City,New York,Cancelled,4.19
TXN001631,2025-11-26,C5879,P0030,Kiwi,,3,2.49,0.25,Credit Card,New York City,New York,Cancelled,4.93
TXN001632,2026-10-05,C1400,P0062,Ice Cube Tray,Kitchen-Accessories,2,5.99,0.15,Net Banking,Orlando,Florida,Cancelled,4.71
TXN001633,2026-06-28,C5762,P0046,Plant Pot,Home-Decoration,1,14.99,0.0,PayPal,Austin,Texas,Delivered,3.01
TXN001634,2026-07-23,C2299,P0100,Apple Airpods,Mobile-Accessories,3,129.99,0.09,Debit Card,Orlando,Florida,Processing,4.15
TXN001635,2026-05-15,C1808,P0022,Dog Food,Groceries,4,10.99,0.02,Debit Card,Houston,Texas,Shipped,4.55
TXN001636,2026-03-28,C3122,P0094,Longines Master Collection,Mens-Watches,2,1499.99,0.12,Credit Card,Miami,Florida,Processing,3.87
TXN001637,2026-05-26,C6745,P0092,Sports Sneakers Off White Red,Mens-Shoes,4,109.99,0.08,PayPal,Tampa,Florida,Shipped,4.69
TXN001638,2026-07-12,C1940,P0003,Powder Canister,Beauty,2,14.99,0.27,Net Banking,Orlando,Florida,Processing,4.64
TXN001639,2026-06-06,C7582,P0060,Grater Black,Kitchen-Accessories,3,10.99,0.1,PayPal,New York City,New York,Processing,3.21
TXN001640,2026-03-26,C4989,P0075,Tray,Kitchen-Accessories,5,16.99,0.15,UPI,Dallas,Texas,Delivered,4.62
TXN001641,2026-05-04,C5296,P0025,Green Bell Pepper,Groceries,3,-1.29,0.04,UPI,San Diego,California,Cancelled,3.25
TXN001642,2025-10-22,C1238,P0009,Dolce Shine Eau de,Fragrances,5,-69.99,0.03,UPI,Rochester,New York,Shipped,3.96
TXN001643,2025-12-18,C9733,P0025,Green Bell Pepper,Groceries,2,1.29,0.12,Net Banking,Dallas,Texas,Processing,3.25
TXN001644,2026-09-14,C6166,P0040,Strawberry,Groceries,3,3.99,0.16,Debit Card,New York City,New York,Shipped,3.08
TXN001645,2026-09-14,C3250,P0014,Knoll Saarinen Executive Conference Chair,Furniture,3,499.99,0.06,Net Banking,Houston,Texas,Shipped,4.88
TXN001646,2025-11-15,C5226,P0030,Kiwi,Groceries,5,2.49,0.05,Debit Card,Orlando,Florida,Shipped,4.93
TXN001647,2026-10-01,C5740,P0088,Nike Air Jordan 1 Red And Black,Mens-Shoes,2,149.99,0.07,Debit Card,Tampa,Florida,Processing,4.77
TXN001648,2026-05-21,C3007,P0037,Red Onions,Groceries,4,1.99,0.02,Net Banking,Austin,Texas,Shipped,4.2
TXN001649,2026-05-22,C4719,P0040,Strawberry,Groceries,2,3.99,0.09,Credit Card,Buffalo,New York,Processing,3.08
TXN001650,2026-07-22,C6063,P0086,Man Short Sleeve Shirt,Mens-Shirts,1,19.99,0.19,Debit Card,Buffalo,New York,Processing,2.9
TXN001651,2026-03-10,C6192,P0068,Pan,Kitchen-Accessories,1,24.99,0.11,Credit Card,Buffalo,New York,Shipped,2.79
TXN001652,2026-05-11,C6833,P0095,Rolex Cellini Date Black Dial,Mens-Watches,4,8999.99,0.11,Debit Card,Buffalo,New York,Processing,4.97
TXN001653,2026-02-27,C5787,P0092,Sports Sneakers Off White Red,Mens-Shoes,1,109.99,0.09,Net Banking,New York City,New York,Cancelled,4.69
TXN001654,2026-06-16,C4181,P0068,Pan,Kitchen-Accessories,2,24.99,0.18,PayPal,Buffalo,New York,Processing,2.79
TXN001655,2025-10-24,C8249,P0040,Strawberry,Groceries,2,3.99,0.2,Net Banking,Miami,Florida,Shipped,3.08
TXN001656,2026-03-20,C4485,P0091,Sports Sneakers Off White & Red,Mens-Shoes,2,119.99,0.11,Debit Card,New York City,New York,Shipped,4.77
TXN001657,2026-01-25,C9482,P0011,Annibale Colombo Bed,Furniture,5,1899.99,0.05,Debit Card,Houston,Texas,Cancelled,4.77
TXN001658,2026-08-23,C7798,P0094,Longines Master Collection,Mens-Watches,5,1499.99,0.02,PayPal,Rochester,New York,Processing,3.87
TXN001659,2026-06-29,C6677,P0051,Boxed Blender,Kitchen-Accessories,3,39.99,0.01,PayPal,Houston,Texas,Cancelled,4.56
TXN001660,2026-02-03,C5195,P0025,Green Bell Pepper,Groceries,4,1.29,0.03,UPI,Orlando,Florida,Shipped,3.25
TXN001661,2026-03-17,C1385,P0069,Plate,Kitchen-Accessories,3,3.99,0.3,Net Banking,Tampa,Florida,Processing,3.65
TXN001662,2025-12-26,C4679,P0054,Citrus Squeezer Yellow,Kitchen-Accessories,1,8.99,0.09,Debit Card,San Diego,California,Delivered,4.63
TXN001663,2026-05-18,C4170,P0097,Rolex Datejust,Mens-Watches,4,10999.99,0.15,UPI,Austin,Texas,Shipped,3.66
TXN001664,2025-12-17,C4211,P0023,Eggs,Groceries,3,2.99,0.13,UPI,Buffalo,New York,Cancelled,2.53
TXN001665,2026-01-20,C6195,P0098,Rolex Submariner Watch,Mens-Watches,2,13999.99,0.08,UPI,Rochester,New York,Cancelled,2.69
TXN001666,2026-08-15,C4824,P0035,Potatoes,Groceries,5,2.29,0.22,Credit Card,San Diego,California,Processing,4.81
TXN001667,2025-12-29,C9560,P0075,Tray,Kitchen-Accessories,5,16.99,0.1,UPI,Miami,Florida,Cancelled,4.62
TXN001668,2026-07-02,C3008,P0008,Dior J'adore,Fragrances,3,89.99,0.01,Credit Card,Dallas,Texas,Delivered,3.8
TXN001669,2026-03-30,C6090,P0019,Chicken Meat,Groceries,2,9.99,0.04,Debit Card,Orlando,Florida,Shipped,3.19
TXN001670,2026-07-30,C1634,P0067,Mug Tree Stand,Kitchen-Accessories,1,15.99,0.05,UPI,San Diego,California,Processing,2.64
TXN001671,2026-02-20,C7987,P0021,Cucumber,Groceries,4,1.49,0.18,Debit Card,Orlando,Florida,Delivered,4.07
TXN001672,2025-11-07,C1909,P0037,Red Onions,Groceries,1,1.99,0.12,Debit Card,Buffalo,New York,Shipped,4.2
TXN001673,2026-02-24,C4333,P0022,Dog Food,Groceries,2,10.99,0.04,Credit Card,Tampa,Florida,Processing,4.55
TXN001674,2026-09-21,C3133,P0059,Glass,Kitchen-Accessories,2,4.99,0.11,UPI,New York City,New York,Cancelled,4.02
TXN001675,2025-12-01,C5299,P0026,Green Chili Pepper,Groceries,4,0.99,0.17,Credit Card,Rochester,New York,Shipped,3.66
TXN001676,2025-12-29,C3380,P0089,Nike Baseball Cleats,Mens-Shoes,1,79.99,0.17,Debit Card,Tampa,Florida,Cancelled,3.88
TXN001677,2025-12-23,C6954,P0029,Juice,Groceries,2,3.99,0.16,Credit Card,Dallas,Texas,Processing,3.94
TXN001678,2026-04-10,C8170,P0069,Plate,Kitchen-Accessories,5,3.99,0.26,UPI,Houston,Texas,Processing,3.65
TXN001679,2026-03-08,C3242,P0064,Knife,Kitchen-Accessories,3,14.99,0.15,UPI,Buffalo,New York,Processing,3.26
TXN001680,2026-03-17,C3463,P0057,Fine Mesh Strainer,Kitchen-Accessories,1,9.99,0.11,Credit Card,Los Angeles,California,Delivered,3.04
TXN001681,2026-02-05,C3897,P0016,Apple,Groceries,3,-1.99,0.13,Credit Card,San Francisco,California,Cancelled,4.19
TXN001682,2026-04-16,C3334,P0037,Red Onions,Groceries,5,1.99,0.11,Net Banking,Los Angeles,California,Cancelled,4.2
TXN001683,2025-12-02,C5455,P0016,Apple,Groceries,1,1.99,0.26,Net Banking,Austin,Texas,Shipped,4.19
TXN001684,2026-06-30,C8442,P0059,Glass,Kitchen-Accessories,3,4.99,0.26,Credit Card,San Diego,California,Shipped,4.02
TXN001685,2026-05-11,C1772,P0041,Tissue Paper Box,Groceries,2,2.49,0.28,Net Banking,Orlando,Florida,Processing,2.69
TXN001686,2026-07-18,C1905,P0082,New DELL XPS 13 9300 Laptop,Laptops,4,1499.99,0.14,UPI,San Francisco,California,Cancelled,2.67
TXN001687,2026-02-11,C3889,P0038,Rice,Groceries,2,5.99,0.02,UPI,New York City,New York,Processing,3.18
TXN001688,2026-04-21,C4608,P0037,Red Onions,Groceries,1,1.99,0.16,UPI,Houston,Texas,Delivered,4.2
TXN001689,2026-07-16,C4026,P0030,Kiwi,Groceries,2,2.49,0.1,Net Banking,Miami,Florida,Shipped,4.93
TXN001690,2025-11-10,C6113,P0079,Asus Zenbook Pro Dual Screen Laptop,Laptops,4,1799.99,0.3,Credit Card,Miami,Florida,Shipped,3.95
TXN001691,2025-11-11,C8219,P0081,Lenovo Yoga 920,Laptops,5,1099.99,0.02,UPI,San Francisco,California,Shipped,2.86
TXN001692,2026-01-09,C4785,P0047,Table Lamp,Home-Decoration,3,49.99,0.19,Net Banking,Dallas,Texas,Shipped,3.55
TXN001693,2026-03-12,C9967,P0038,Rice,Groceries,5,5.99,0.1,Credit Card,San Francisco,California,Shipped,3.18
TXN001694,2025-10-29,C2979,P0078,Apple MacBook Pro 14 Inch Space Grey,Laptops,5,1999.99,0.1,Net Banking,New York City,New York,Delivered,3.65
TXN001695,2025-11-05,C2067,P0059,Glass,Kitchen-Accessories,4,4.99,0.27,PayPal,Dallas,Texas,Cancelled,4.02
TXN001696,2026-05-01,C4449,P0086,Man Short Sleeve Shirt,Mens-Shirts,2,19.99,0.22,Credit Card,San Francisco,California,Delivered,2.9
TXN001697,2026-03-28,C7413,P0073,Spice Rack,Kitchen-Accessories,2,19.99,0.11,Net Banking,Rochester,New York,Cancelled,4.87
TXN001698,2026-06-30,C5556,P0092,Sports Sneakers Off White Red,,2,109.99,0.25,UPI,Orlando,Florida,Processing,4.69
TXN001699,2026-07-07,C6627,P0007,Chanel Coco Noir Eau De,Fragrances,2,129.99,0.24,PayPal,Tampa,Florida,Shipped,4.26
TXN001700,2026-04-11,C7878,P0046,Plant Pot,Home-Decoration,1,14.99,0.28,Credit Card,Orlando,Florida,Cancelled,3.01
TXN001701,2026-07-29,C6116,P0086,Man Short Sleeve Shirt,Mens-Shirts,1,-19.99,0.24,Debit Card,Austin,Texas,Shipped,2.9
TXN001702,2026-05-27,C4822,P0039,Soft Drinks,Groceries,5,1.99,0.15,Net Banking,New York City,New York,Cancelled,4.75
TXN001703,2026-09-18,C4189,P0067,Mug Tree Stand,Kitchen-Accessories,2,15.99,0.19,Debit Card,Miami,Florida,Processing,2.64
TXN001704,2026-09-14,C1481,P0055,Egg Slicer,Kitchen-Accessories,2,6.99,0.04,Debit Card,Rochester,New York,Delivered,3.09
TXN001705,2025-12-03,C6019,P0002,Eyeshadow Palette with Mirror,Beauty,4,19.99,0.13,Debit Card,Dallas,Texas,Shipped,2.86
TXN001706,2025-12-11,C3044,P0005,Red Nail Polish,Beauty,4,8.99,0.12,Credit Card,Houston,Texas,Cancelled,4.32
TXN001707,2025-12-17,C2257,P0022,Dog Food,Groceries,1,10.99,0.16,Net Banking,Tampa,Florida,Processing,4.55
TXN001708,2026-02-03,C3102,P0007,Chanel Coco Noir Eau De,Fragrances,2,129.99,0.23,UPI,Buffalo,New York,Shipped,4.26
TXN001709,2026-02-23,C3363,P0004,Red Lipstick,Beauty,1,12.99,0.25,Credit Card,Dallas,Texas,Cancelled,4.36
TXN001710,2026-06-17,C4914,P0092,Sports Sneakers Off White Red,Mens-Shoes,3,109.99,0.14,Debit Card,San Diego,California,Cancelled,4.69
TXN001711,2026-09-06,C5708,P0055,Egg Slicer,Kitchen-Accessories,5,6.99,0.06,Debit Card,Houston,Texas,Cancelled,3.09
TXN001712,2026-08-24,C6260,P0006,Calvin Klein CK One,Fragrances,1,49.99,0.02,PayPal,Los Angeles,California,Delivered,4.37
TXN001713,2026-09-11,C6959,P0029,Juice,Groceries,2,3.99,0.21,Credit Card,San Diego,California,Processing,3.94
TXN001714,2026-05-26,C6345,P0078,Apple MacBook Pro 14 Inch Space Grey,Laptops,3,1999.99,0.3,UPI,Miami,Florida,Cancelled,3.65
TXN001715,2026-04-26,C5141,P0033,Mulberry,Groceries,4,4.99,0.07,Credit Card,Dallas,Texas,Processing,4.95
TXN001716,2025-12-25,C5078,P0040,Strawberry,Groceries,5,3.99,0.12,UPI,Los Angeles,California,Cancelled,3.08
TXN001717,2026-04-18,C8598,P0080,Huawei Matebook X Pro,Laptops,5,1399.99,0.17,PayPal,Buffalo,New York,Cancelled,4.98
TXN001718,2026-09-03,C9198,P0023,Eggs,Groceries,5,2.99,0.05,Net Banking,New York City,New York,Shipped,2.53
TXN001719,2026-08-17,C9424,P0071,Silver Pot With Glass Cap,Kitchen-Accessories,2,39.99,0.16,Debit Card,New York City,New York,Shipped,3.22
TXN001720,2026-08-07,C4051,P0016,Apple,Groceries,5,1.99,0.18,UPI,San Francisco,California,Cancelled,4.19
TXN001721,2025-12-12,C5786,P0004,Red Lipstick,Beauty,4,12.99,0.07,Debit Card,San Diego,California,Shipped,4.36
TXN001722,2026-04-12,C7605,P0088,Nike Air Jordan 1 Red And Black,Mens-Shoes,3,149.99,0.04,UPI,Miami,Florida,Cancelled,4.77
TXN001723,2025-10-08,C7342,P0090,Puma Future Rider Trainers,Mens-Shoes,4,89.99,0.06,PayPal,Los Angeles,California,Processing,4.9
TXN001724,2026-03-06,C6572,P0079,Asus Zenbook Pro Dual Screen Laptop,Laptops,2,1799.99,0.03,Net Banking,Miami,Florida,Shipped,3.95
TXN001725,2025-12-05,C5500,P0023,Eggs,Groceries,5,2.99,0.03,Debit Card,New York City,New York,Processing,2.53
TXN001726,2026-02-01,C4867,P0007,Chanel Coco Noir Eau De,Fragrances,3,129.99,0.2,Net Banking,Dallas,Texas,Shipped,4.26
TXN001727,2026-09-09,C9234,P0089,Nike Baseball Cleats,Mens-Shoes,1,79.99,0.15,Credit Card,Austin,Texas,Cancelled,3.88
TXN001728,2026-03-29,C7687,P0032,Milk,Groceries,5,3.49,0.07,UPI,Houston,Texas,Processing,2.61
TXN001729,2026-04-05,C2145,P0085,Man Plaid Shirt,Mens-Shirts,1,34.99,0.15,PayPal,Dallas,Texas,Cancelled,3.46
TXN001730,2026-08-25,C1927,P0033,Mulberry,Groceries,5,4.99,0.07,Credit Card,San Francisco,California,Processing,4.95
TXN001731,2026-09-24,C1332,P0055,Egg Slicer,Kitchen-Accessories,4,6.99,0.18,PayPal,Dallas,Texas,Processing,3.09
TXN001732,2025-11-22,C1093,P0090,Puma Future Rider Trainers,Mens-Shoes,2,89.99,0.09,UPI,Orlando,Florida,Cancelled,4.9
TXN001733,2026-05-08,C3320,P0049,Black Aluminium Cup,Kitchen-Accessories,2,5.99,0.24,Net Banking,Rochester,New York,Shipped,4.46
TXN001734,2025-10-26,C7541,P0046,Plant Pot,Home-Decoration,1,14.99,0.08,Credit Card,Tampa,Florida,Cancelled,3.01
TXN001735,2026-02-25,C1167,P0015,Wooden Bathroom Sink With Mirror,Furniture,5,799.99,0.05,PayPal,San Francisco,California,Shipped,3.59
TXN001736,2026-05-08,C9787,P0010,Gucci Bloom Eau de,Fragrances,5,79.99,0.03,Net Banking,Dallas,Texas,Shipped,2.74
TXN001737,2026-08-02,C7637,P0091,Sports Sneakers Off White & Red,Mens-Shoes,3,119.99,0.18,UPI,Austin,Texas,Delivered,4.77
TXN001738,2025-11-30,C9393,P0082,New DELL XPS 13 9300 Laptop,Laptops,4,1499.99,0.3,UPI,Houston,Texas,Cancelled,2.67
TXN001739,2026-06-03,C6931,P0020,Cooking Oil,Groceries,4,4.99,0.11,UPI,Dallas,Texas,Shipped,4.8
TXN001740,2025-11-27,C8751,P0092,Sports Sneakers Off White Red,,1,109.99,0.27,PayPal,Tampa,Florida,Cancelled,4.69
TXN001741,2026-04-10,C5363,P0095,Rolex Cellini Date Black Dial,Mens-Watches,5,8999.99,0.1,PayPal,Los Angeles,California,Delivered,4.97
TXN001742,2026-05-24,C2554,P0061,Hand Blender,Kitchen-Accessories,4,34.99,0.22,Net Banking,Austin,Texas,Cancelled,3.86
TXN001743,2025-11-13,C8371,P0056,Electric Stove,Kitchen-Accessories,1,49.99,0.26,PayPal,San Francisco,California,Shipped,4.11
TXN001744,2025-11-19,C8520,P0072,Slotted Turner,Kitchen-Accessories,5,8.99,0.26,Debit Card,Los Angeles,California,Shipped,3.4
TXN001745,2025-11-17,C9643,P0049,Black Aluminium Cup,Kitchen-Accessories,5,5.99,0.0,Net Banking,New York City,New York,Cancelled,4.46
TXN001746,2025-11-19,C7179,P0076,Wooden Rolling Pin,,1,11.99,0.26,PayPal,Houston,Texas,Shipped,2.92
TXN001747,2025-10-20,C5333,P0076,Wooden Rolling Pin,Kitchen-Accessories,4,11.99,0.09,Credit Card,San Diego,California,Cancelled,2.92
TXN001748,2026-03-22,C2323,P0064,Knife,Kitchen-Accessories,5,14.99,0.02,Debit Card,New York City,New York,Delivered,3.26
TXN001749,2026-08-23,C2657,P0036,Protein Powder,Groceries,3,19.99,0.19,PayPal,Rochester,New York,Cancelled,4.18
TXN001750,2026-03-31,C7738,P0096,Rolex Cellini Moonphase,Mens-Watches,3,12999.99,0.11,UPI,Miami,Florida,Shipped,2.58
TXN001751,2025-12-13,C5296,P0079,Asus Zenbook Pro Dual Screen Laptop,Laptops,3,1799.99,0.06,PayPal,Los Angeles,California,Processing,3.95
TXN001752,2026-02-15,C2453,P0093,Brown Leather Belt Watch,Mens-Watches,4,89.99,0.05,Debit Card,Los Angeles,California,Cancelled,4.19
TXN001753,2026-08-25,C9306,P0004,Red Lipstick,Beauty,5,12.99,0.21,Credit Card,Austin,Texas,Processing,4.36
TXN001754,2026-05-09,C1302,P0090,Puma Future Rider Trainers,Mens-Shoes,2,89.99,0.08,PayPal,Rochester,New York,Cancelled,4.9
TXN001755,2025-11-07,C1280,P0034,Nescafe Coffee,Groceries,4,7.99,0.15,PayPal,San Francisco,California,Delivered,4.82
TXN001756,2026-08-31,C7638,P0001,Essence Mascara Lash Princess,Beauty,4,9.99,0.04,Credit Card,Tampa,Florida,Processing,2.56
TXN001757,2026-01-02,C4169,P0052,Carbon Steel Wok,Kitchen-Accessories,2,29.99,0.22,PayPal,Austin,Texas,Delivered,4.05
TXN001758,2026-03-11,C6179,P0043,Decoration Swing,Home-Decoration,5,59.99,0.15,Credit Card,Los Angeles,California,Processing,3.16
TXN001759,2026-08-10,C8456,P0098,Rolex Submariner Watch,Mens-Watches,3,13999.99,0.23,Debit Card,Orlando,Florida,Shipped,2.69
TXN001760,2025-10-15,C8914,P0098,Rolex Submariner Watch,Mens-Watches,5,13999.99,0.2,PayPal,Tampa,Florida,Shipped,2.69
TXN001761,2025-12-24,C8285,P0098,Rolex Submariner Watch,Mens-Watches,5,13999.99,0.12,Net Banking,San Diego,California,Processing,2.69
TXN001762,2025-12-05,C3763,P0098,Rolex Submariner Watch,Mens-Watches,2,13999.99,0.25,Credit Card,Miami,Florida,Processing,2.69
TXN001763,2025-11-09,C3559,P0036,Protein Powder,Groceries,2,19.99,0.05,Credit Card,San Diego,California,Processing,4.18
TXN001764,2025-10-16,C1044,P0041,Tissue Paper Box,Groceries,1,2.49,0.03,Credit Card,San Francisco,California,Delivered,2.69
TXN001765,2026-04-06,C6544,P0007,Chanel Coco Noir Eau De,Fragrances,5,129.99,0.15,Credit Card,New York City,New York,Delivered,4.26
TXN001766,2026-06-11,C8998,P0081,Lenovo Yoga 920,Laptops,1,1099.99,0.05,PayPal,San Francisco,California,Shipped,2.86
TXN001767,2026-06-15,C1553,P0059,Glass,Kitchen-Accessories,5,4.99,0.11,Debit Card,Buffalo,New York,Cancelled,4.02
TXN001768,2026-07-26,C4757,P0078,Apple MacBook Pro 14 Inch Space Grey,,3,1999.99,0.24,Debit Card,Los Angeles,California,Cancelled,3.65
TXN001769,2026-05-25,C7917,P0009,Dolce Shine Eau de,,4,69.99,0.29,Net Banking,Austin,Texas,Cancelled,3.96
TXN001770,2026-04-22,C9146,P0026,Green Chili Pepper,Groceries,5,0.99,0.07,Credit Card,San Francisco,California,Shipped,3.66
TXN001771,2026-07-24,C8916,P0049,Black Aluminium Cup,Kitchen-Accessories,3,5.99,0.21,PayPal,Tampa,Florida,Shipped,4.46
TXN001772,2026-10-01,C8656,P0051,Boxed Blender,Kitchen-Accessories,2,39.99,0.18,UPI,Orlando,Florida,Delivered,4.56
TXN001773,2026-02-11,C2698,P0024,Fish Steak,Groceries,2,14.99,0.16,PayPal,Miami,Florida,Shipped,3.78
TXN001774,2026-03-09,C8765,P0050,Black Whisk,Kitchen-Accessories,1,9.99,0.07,Credit Card,Miami,Florida,Shipped,3.9
TXN001775,2025-10-09,C9753,P0063,Kitchen Sieve,Kitchen-Accessories,4,7.99,0.2,Debit Card,Dallas,Texas,Cancelled,3.09
TXN001776,2025-12-11,C1024,P0071,Silver Pot With Glass Cap,Kitchen-Accessories,4,39.99,0.26,Net Banking,Los Angeles,California,Processing,3.22
TXN001777,2026-04-09,C9118,P0097,Rolex Datejust,,1,10999.99,0.16,Debit Card,Dallas,Texas,Delivered,3.66
TXN001778,2026-03-21,C1243,P0062,Ice Cube Tray,Kitchen-Accessories,1,5.99,0.01,Debit Card,Buffalo,New York,Processing,4.71
TXN001779,2026-07-16,C3834,P0045,House Showpiece Plant,Home-Decoration,1,39.99,0.05,PayPal,Dallas,Texas,Shipped,4.67
TXN001780,2026-05-17,C5256,P0019,Chicken Meat,Groceries,3,9.99,0.06,Net Banking,Orlando,Florida,Shipped,3.19
TXN001781,2025-10-30,C5794,P0099,Amazon Echo Plus,Mobile-Accessories,4,99.99,0.19,UPI,Austin,Texas,Delivered,4.99
TXN001782,2026-04-05,C6715,P0057,Fine Mesh Strainer,Kitchen-Accessories,2,9.99,0.18,PayPal,Dallas,Texas,Delivered,3.04
TXN001783,2025-12-02,C6770,P0087,Men Check Shirt,Mens-Shirts,2,27.99,0.12,UPI,New York City,New York,Processing,2.72
TXN001784,2026-02-23,C5346,P0062,Ice Cube Tray,Kitchen-Accessories,1,5.99,0.09,Debit Card,Los Angeles,California,Processing,4.71
TXN001785,2026-10-03,C9733,P0023,Eggs,Groceries,2,2.99,0.28,Credit Card,Miami,Florida,Processing,2.53
TXN001786,2026-09-28,C5016,P0089,Nike Baseball Cleats,Mens-Shoes,2,79.99,0.1,Net Banking,Austin,Texas,Processing,3.88
TXN001787,2025-12-23,C2932,P0008,Dior J'adore,Fragrances,5,89.99,0.16,PayPal,San Diego,California,Shipped,3.8
TXN001788,2026-01-20,C9618,P0030,Kiwi,Groceries,1,2.49,0.12,Debit Card,Tampa,Florida,Shipped,4.93
TXN001789,2026-09-05,C3863,P0004,Red Lipstick,Beauty,4,12.99,0.17,Credit Card,Dallas,Texas,Delivered,4.36
TXN001790,2026-01-04,C7144,P0044,Family Tree Photo Frame,Home-Decoration,4,29.99,0.08,UPI,San Francisco,California,Delivered,4.53
TXN001791,2025-11-21,C5861,P0002,Eyeshadow Palette with Mirror,Beauty,2,19.99,0.04,PayPal,Buffalo,New York,Processing,2.86
TXN001792,2025-10-26,C2724,P0083,Blue & Black Check Shirt,Mens-Shirts,3,29.99,0.02,Net Banking,Los Angeles,California,Processing,3.64
TXN001793,2026-03-06,C7095,P0075,Tray,Kitchen-Accessories,3,16.99,0.21,Net Banking,Houston,Texas,Cancelled,4.62
TXN001794,2026-02-19,C8157,P0049,Black Aluminium Cup,Kitchen-Accessories,3,5.99,0.2,UPI,San Francisco,California,Shipped,4.46
TXN001795,2026-04-27,C6212,P0002,Eyeshadow Palette with Mirror,Beauty,1,19.99,0.11,Credit Card,Tampa,Florida,Shipped,2.86
TXN001796,2026-03-25,C3155,P0080,Huawei Matebook X Pro,Laptops,4,1399.99,0.29,Credit Card,Tampa,Florida,Shipped,4.98
TXN001797,2026-03-14,C7804,P0066,Microwave Oven,Kitchen-Accessories,3,89.99,0.07,Credit Card,Orlando,Florida,Shipped,4.82
TXN001798,2025-10-17,C4408,P0048,Bamboo Spatula,Kitchen-Accessories,4,7.99,0.08,UPI,Houston,Texas,Shipped,3.27
TXN001799,2026-04-07,C4426,P0094,Longines Master Collection,Mens-Watches,5,1499.99,0.15,Credit Card,Houston,Texas,Processing,3.87
TXN001800,2025-12-04,C6142,P0077,Yellow Peeler,Kitchen-Accessories,5,5.99,0.03,Credit Card,Los Angeles,California,Cancelled,4.24
TXN001801,2026-03-17,C6016,P0100,Apple Airpods,,5,129.99,0.1,Credit Card,Austin,Texas,Delivered,4.15
TXN001802,2026-02-06,C7156,P0059,Glass,Kitchen-Accessories,4,4.99,0.15,Credit Card,Buffalo,New York,Shipped,4.02
TXN001803,2026-03-19,C8939,P0060,Grater Black,Kitchen-Accessories,5,10.99,0.18,Net Banking,San Diego,California,Processing,3.21
TXN001804,2026-03-05,C9169,P0003,Powder Canister,Beauty,2,14.99,0.29,Debit Card,Rochester,New York,Shipped,4.64
TXN001805,2026-03-14,C2338,P0011,Annibale Colombo Bed,Furniture,1,1899.99,0.14,UPI,San Diego,California,Shipped,4.77
TXN001806,2026-02-11,C3823,P0018,Cat Food,Groceries,4,8.99,0.04,Net Banking,Los Angeles,California,Shipped,3.13
TXN001807,2026-03-19,C2455,P0040,Strawberry,Groceries,3,3.99,0.08,Credit Card,San Francisco,California,Processing,3.08
TXN001808,2025-11-14,C5459,P0047,Table Lamp,Home-Decoration,2,49.99,0.05,Net Banking,Houston,Texas,Cancelled,3.55
TXN001809,2026-07-01,C6350,P0043,Decoration Swing,Home-Decoration,5,59.99,0.18,Credit Card,Los Angeles,California,Delivered,3.16
TXN001810,2026-07-06,C8706,P0098,Rolex Submariner Watch,,1,13999.99,0.2,UPI,Austin,Texas,Processing,2.69
TXN001811,2026-03-28,C3950,P0082,New DELL XPS 13 9300 Laptop,Laptops,2,1499.99,0.17,Net Banking,Rochester,New York,Processing,2.67
TXN001812,2026-02-18,C8732,P0073,Spice Rack,Kitchen-Accessories,5,19.99,0.24,UPI,San Diego,California,Shipped,4.87
TXN001813,2026-06-03,C4095,P0086,Man Short Sleeve Shirt,Mens-Shirts,5,19.99,0.27,Net Banking,Tampa,Florida,Cancelled,2.9
TXN001814,2025-10-09,C4238,P0012,Annibale Colombo Sofa,Furniture,4,2499.99,0.16,Credit Card,New York City,New York,Delivered,3.92
TXN001815,2025-12-05,C6939,P0027,Honey Jar,,1,6.99,0.07,Debit Card,Dallas,Texas,Shipped,3.97
TXN001816,2025-12-12,C4878,P0067,Mug Tree Stand,Kitchen-Accessories,3,15.99,0.22,Net Banking,Austin,Texas,Shipped,2.64
TXN001817,2026-02-15,C5829,P0025,Green Bell Pepper,Groceries,1,1.29,0.23,Debit Card,Rochester,New York,Shipped,3.25
TXN001818,2026-05-09,C3444,P0092,Sports Sneakers Off White Red,Mens-Shoes,4,109.99,0.2,Debit Card,Orlando,Florida,Cancelled,4.69
TXN001819,2026-08-21,C3433,P0056,Electric Stove,Kitchen-Accessories,2,49.99,0.0,UPI,San Diego,California,Processing,4.11
TXN001820,2026-01-26,C6778,P0060,Grater Black,Kitchen-Accessories,5,10.99,0.28,UPI,Tampa,Florida,Delivered,3.21
TXN001821,2026-03-08,C1736,P0097,Rolex Datejust,Mens-Watches,4,10999.99,0.2,UPI,San Diego,California,Processing,3.66
TXN001822,2026-07-09,C4024,P0085,Man Plaid Shirt,Mens-Shirts,5,34.99,0.25,UPI,Los Angeles,California,Shipped,3.46
TXN001823,2026-03-01,C5624,P0028,Ice Cream,Groceries,2,5.49,0.08,UPI,Los Angeles,California,Delivered,3.39
TXN001824,2026-09-06,C2029,P0076,Wooden Rolling Pin,Kitchen-Accessories,1,11.99,0.26,Net Banking,Houston,Texas,Shipped,2.92
TXN001825,2026-09-14,C4060,P0069,Plate,Kitchen-Accessories,2,3.99,0.19,Net Banking,Houston,Texas,Cancelled,3.65
TXN001826,2026-09-30,C9017,P0004,Red Lipstick,Beauty,3,12.99,0.07,PayPal,Los Angeles,California,Delivered,4.36
TXN001827,2026-04-04,C2608,P0094,Longines Master Collection,Mens-Watches,2,1499.99,0.05,PayPal,Dallas,Texas,Processing,3.87
TXN001828,2026-05-23,C6223,P0086,Man Short Sleeve Shirt,Mens-Shirts,5,19.99,0.09,Net Banking,New York City,New York,Cancelled,2.9
TXN001829,2026-03-02,C8208,P0028,Ice Cream,,2,5.49,0.25,PayPal,Houston,Texas,Delivered,3.39
TXN001830,2026-04-14,C3365,P0004,Red Lipstick,Beauty,5,12.99,0.16,PayPal,New York City,New York,Delivered,4.36
TXN001831,2026-09-02,C2257,P0025,Green Bell Pepper,Groceries,1,1.29,0.16,Net Banking,Los Angeles,California,Shipped,3.25
TXN001832,2026-09-25,C2390,P0090,Puma Future Rider Trainers,Mens-Shoes,4,89.99,0.05,PayPal,Tampa,Florida,Delivered,4.9
TXN001833,2026-03-01,C9691,P0065,Lunch Box,Kitchen-Accessories,5,12.99,0.18,Debit Card,Houston,Texas,Shipped,4.93
TXN001834,2026-03-06,C4600,P0084,Gigabyte Aorus Men Tshirt,Mens-Shirts,5,24.99,0.03,PayPal,New York City,New York,Cancelled,3.18
TXN001835,2026-10-01,C7803,P0005,Red Nail Polish,Beauty,2,8.99,0.05,UPI,San Francisco,California,Processing,4.32
TXN001836,2026-06-05,C3488,P0049,Black Aluminium Cup,Kitchen-Accessories,1,5.99,0.04,Debit Card,San Francisco,California,Cancelled,4.46
TXN001837,2025-10-30,C7277,P0047,Table Lamp,Home-Decoration,2,49.99,0.13,Credit Card,Tampa,Florida,Cancelled,3.55
TXN001838,2025-11-19,C9639,P0021,Cucumber,Groceries,4,1.49,0.13,Debit Card,New York City,New York,Shipped,4.07
TXN001839,2026-04-30,C1921,P0060,Grater Black,,2,10.99,0.14,Debit Card,Miami,Florida,Processing,3.21
TXN001840,2026-03-21,C9641,P0094,Longines Master Collection,Mens-Watches,5,1499.99,0.27,Net Banking,Rochester,New York,Processing,3.87
TXN001841,2026-08-04,C3730,P0087,Men Check Shirt,Mens-Shirts,1,27.99,0.02,Credit Card,Orlando,Florida,Processing,2.72
TXN001842,2026-03-02,C5865,P0096,Rolex Cellini Moonphase,,1,12999.99,0.19,Debit Card,Houston,Texas,Shipped,2.58
TXN001843,2026-08-28,C7542,P0095,Rolex Cellini Date Black Dial,Mens-Watches,2,8999.99,0.1,Debit Card,Houston,Texas,Delivered,4.97
TXN001844,2026-02-06,C2666,P0051,Boxed Blender,Kitchen-Accessories,2,39.99,0.18,PayPal,Miami,Florida,Cancelled,4.56
TXN001845,2025-11-01,C2515,P0074,Spoon,Kitchen-Accessories,2,4.99,0.2,Credit Card,Rochester,New York,Processing,4.03
TXN001846,2026-01-16,C1614,P0059,Glass,Kitchen-Accessories,2,4.99,0.16,Debit Card,Orlando,Florida,Processing,4.02
TXN001847,2025-10-26,C6916,P0021,Cucumber,Groceries,2,1.49,0.0,Credit Card,Los Angeles,California,Delivered,4.07
TXN001848,2026-06-02,C4870,P0088,Nike Air Jordan 1 Red And Black,Mens-Shoes,3,149.99,0.29,Net Banking,Orlando,Florida,Shipped,4.77
TXN001849,2026-04-29,C3752,P0050,Black Whisk,Kitchen-Accessories,5,9.99,0.06,Credit Card,Tampa,Florida,Delivered,3.9
TXN001850,2026-08-22,C1089,P0060,Grater Black,Kitchen-Accessories,3,10.99,0.11,Net Banking,Austin,Texas,Processing,3.21
TXN001851,2026-04-28,C7633,P0014,Knoll Saarinen Executive Conference Chair,Furniture,2,499.99,0.05,UPI,Los Angeles,California,Delivered,4.88
TXN001852,2025-10-20,C2873,P0092,Sports Sneakers Off White Red,Mens-Shoes,2,109.99,0.29,Credit Card,Dallas,Texas,Cancelled,4.69
TXN001853,2026-07-23,C9401,P0098,Rolex Submariner Watch,Mens-Watches,3,13999.99,0.19,Credit Card,Los Angeles,California,Delivered,2.69
TXN001854,2026-09-17,C9007,P0003,Powder Canister,Beauty,2,14.99,0.07,Net Banking,Orlando,Florida,Shipped,4.64
TXN001855,2025-12-23,C3697,P0047,Table Lamp,Home-Decoration,4,49.99,0.07,PayPal,Los Angeles,California,Delivered,3.55
TXN001856,2026-05-02,C9681,P0097,Rolex Datejust,Mens-Watches,4,10999.99,0.13,Net Banking,San Diego,California,Cancelled,3.66
TXN001857,2026-01-30,C4498,P0059,Glass,Kitchen-Accessories,5,4.99,0.28,Debit Card,Orlando,Florida,Delivered,4.02
TXN001858,2025-10-30,C4505,P0053,Chopping Board,Kitchen-Accessories,5,12.99,0.29,Credit Card,Houston,Texas,Cancelled,3.7
TXN001859,2026-05-26,C7757,P0065,Lunch Box,Kitchen-Accessories,1,12.99,0.21,UPI,Orlando,Florida,Delivered,4.93
TXN001860,2026-03-02,C5452,P0047,Table Lamp,Home-Decoration,4,49.99,0.23,PayPal,Tampa,Florida,Cancelled,3.55
TXN001861,2025-12-06,C1452,P0012,Annibale Colombo Sofa,Furniture,4,2499.99,0.12,Credit Card,San Diego,California,Shipped,3.92
TXN001862,2026-05-23,C1581,P0044,Family Tree Photo Frame,Home-Decoration,1,-29.99,0.02,PayPal,Dallas,Texas,Delivered,4.53
TXN001863,2026-03-27,C9302,P0063,Kitchen Sieve,Kitchen-Accessories,5,7.99,0.15,Debit Card,Rochester,New York,Shipped,3.09
TXN001864,2025-12-09,C8439,P0041,Tissue Paper Box,Groceries,4,2.49,0.24,Net Banking,Austin,Texas,Processing,2.69
TXN001865,2026-09-05,C1578,P0020,Cooking Oil,Groceries,4,4.99,0.14,Net Banking,Los Angeles,California,Cancelled,4.8
TXN001866,2026-09-10,C1449,P0057,Fine Mesh Strainer,Kitchen-Accessories,3,9.99,0.01,UPI,Austin,Texas,Delivered,3.04
TXN001867,2026-04-22,C5552,P0073,Spice Rack,Kitchen-Accessories,1,19.99,0.1,PayPal,Austin,Texas,Delivered,4.87
TXN001868,2026-08-23,C9779,P0034,Nescafe Coffee,Groceries,2,7.99,0.07,UPI,Miami,Florida,Cancelled,4.82
TXN001869,2026-06-26,C2027,P0050,Black Whisk,Kitchen-Accessories,3,9.99,0.15,Net Banking,Dallas,Texas,Processing,3.9
TXN001870,2026-09-21,C6083,P0090,Puma Future Rider Trainers,Mens-Shoes,5,89.99,0.18,Credit Card,San Francisco,California,Delivered,4.9
TXN001871,2026-04-29,C6857,P0033,Mulberry,Groceries,5,4.99,0.11,Net Banking,Buffalo,New York,Shipped,4.95
TXN001872,2025-12-06,C2190,P0048,Bamboo Spatula,Kitchen-Accessories,4,7.99,0.12,Debit Card,New York City,New York,Delivered,3.27
TXN001873,2026-02-10,C3911,P0057,Fine Mesh Strainer,Kitchen-Accessories,1,9.99,0.23,Credit Card,San Diego,California,Delivered,3.04
TXN001874,2026-10-04,C1657,P0094,Longines Master Collection,Mens-Watches,1,1499.99,0.27,Credit Card,Tampa,Florida,Shipped,3.87
TXN001875,2026-05-10,C2240,P0095,Rolex Cellini Date Black Dial,Mens-Watches,4,8999.99,0.15,Credit Card,Buffalo,New York,Cancelled,4.97
TXN001876,2025-12-18,C2650,P0057,Fine Mesh Strainer,Kitchen-Accessories,2,9.99,0.25,Credit Card,Buffalo,New York,Delivered,3.04
TXN001877,2026-08-05,C3019,P0028,Ice Cream,Groceries,5,5.49,0.29,Credit Card,New York City,New York,Shipped,3.39
TXN001878,2026-08-18,C2178,P0010,Gucci Bloom Eau de,Fragrances,4,79.99,0.0,UPI,Los Angeles,California,Cancelled,2.74
TXN001879,2026-04-28,C7642,P0094,Longines Master Collection,Mens-Watches,3,1499.99,0.23,Credit Card,New York City,New York,Cancelled,3.87
TXN001880,2026-02-21,C3605,P0046,Plant Pot,Home-Decoration,3,14.99,0.24,Debit Card,Tampa,Florida,Delivered,3.01
TXN001881,2026-01-22,C7811,P0097,Rolex Datejust,Mens-Watches,1,10999.99,0.24,PayPal,Miami,Florida,Cancelled,3.66
TXN001882,2025-10-09,C5388,P0008,Dior J'adore,Fragrances,4,89.99,0.05,UPI,San Francisco,California,Shipped,3.8
TXN001883,2026-09-02,C5058,P0074,Spoon,Kitchen-Accessories,2,4.99,0.23,UPI,Los Angeles,California,Processing,4.03
TXN001884,2026-02-18,C9261,P0090,Puma Future Rider Trainers,Mens-Shoes,2,89.99,0.24,UPI,Rochester,New York,Cancelled,4.9
TXN001885,2025-10-28,C3584,P0017,Beef Steak,Groceries,5,12.99,0.08,Debit Card,Orlando,Florida,Shipped,4.47
TXN001886,2026-03-10,C9031,P0088,Nike Air Jordan 1 Red And Black,Mens-Shoes,2,149.99,0.08,Debit Card,Tampa,Florida,Shipped,4.77
TXN001887,2025-12-13,C6715,P0033,Mulberry,Groceries,3,4.99,0.16,Net Banking,Rochester,New York,Delivered,4.95
TXN001888,2025-10-05,C4370,P0063,Kitchen Sieve,Kitchen-Accessories,2,7.99,0.14,Credit Card,Austin,Texas,Shipped,3.09
TXN001889,2026-04-17,C8401,P0023,Eggs,Groceries,3,2.99,0.22,UPI,Houston,Texas,Cancelled,2.53
TXN001890,2026-06-11,C4820,P0030,Kiwi,Groceries,4,2.49,0.07,Net Banking,Houston,Texas,Processing,4.93
TXN001891,2026-02-25,C1070,P0089,Nike Baseball Cleats,Mens-Shoes,1,79.99,0.07,Credit Card,Los Angeles,California,Shipped,3.88
TXN001892,2026-08-07,C6657,P0021,Cucumber,Groceries,2,1.49,0.27,Net Banking,San Francisco,California,Shipped,4.07
TXN001893,2026-06-07,C1524,P0036,Protein Powder,Groceries,3,-19.99,0.26,Net Banking,Tampa,Florida,Processing,4.18
TXN001894,2026-04-04,C2856,P0074,Spoon,,1,4.99,0.25,PayPal,Dallas,Texas,Shipped,4.03
TXN001895,2025-12-08,C1742,P0089,Nike Baseball Cleats,Mens-Shoes,1,79.99,0.24,PayPal,Orlando,Florida,Delivered,3.88
TXN001896,2025-12-11,C1286,P0037,Red Onions,Groceries,1,1.99,0.17,PayPal,San Diego,California,Processing,4.2
TXN001897,2026-03-25,C9788,P0065,Lunch Box,Kitchen-Accessories,5,12.99,0.18,UPI,San Francisco,California,Cancelled,4.93
TXN001898,2025-12-04,C1036,P0002,Eyeshadow Palette with Mirror,Beauty,3,19.99,0.25,Credit Card,Rochester,New York,Processing,2.86
TXN001899,2026-05-16,C7943,P0077,Yellow Peeler,Kitchen-Accessories,1,5.99,0.05,Net Banking,Los Angeles,California,Shipped,4.24
TXN001900,2026-06-28,C7409,P0012,Annibale Colombo Sofa,Furniture,1,2499.99,0.17,PayPal,Los Angeles,California,Shipped,3.92
TXN001901,2026-03-01,C3003,P0006,Calvin Klein CK One,Fragrances,1,49.99,0.06,UPI,Austin,Texas,Processing,4.37
TXN001902,2026-03-18,C8065,P0052,Carbon Steel Wok,Kitchen-Accessories,4,29.99,0.12,Credit Card,New York City,New York,Cancelled,4.05
TXN001903,2026-09-29,C6278,P0085,Man Plaid Shirt,Mens-Shirts,5,34.99,0.22,PayPal,Tampa,Florida,Cancelled,3.46
TXN001904,2026-05-20,C3282,P0084,Gigabyte Aorus Men Tshirt,Mens-Shirts,4,24.99,0.17,Net Banking,San Diego,California,Shipped,3.18
TXN001905,2026-08-25,C8247,P0045,House Showpiece Plant,Home-Decoration,4,39.99,0.05,UPI,Orlando,Florida,Processing,4.67
TXN001906,2026-04-30,C9934,P0020,Cooking Oil,Groceries,5,4.99,0.12,PayPal,New York City,New York,Processing,4.8
TXN001907,2026-05-13,C6653,P0093,Brown Leather Belt Watch,Mens-Watches,5,89.99,0.12,UPI,New York City,New York,Processing,4.19
TXN001908,2026-05-12,C9410,P0027,Honey Jar,Groceries,3,6.99,0.14,PayPal,Los Angeles,California,Cancelled,3.97
TXN001909,2025-10-08,C9479,P0046,Plant Pot,Home-Decoration,5,14.99,0.12,Debit Card,Los Angeles,California,Cancelled,3.01
TXN001910,2026-05-18,C3087,P0080,Huawei Matebook X Pro,Laptops,3,1399.99,0.02,PayPal,New York City,New York,Shipped,4.98
TXN001911,2026-07-04,C5925,P0096,Rolex Cellini Moonphase,Mens-Watches,1,12999.99,0.15,Debit Card,Austin,Texas,Shipped,2.58
TXN001912,2026-07-05,C5875,P0064,Knife,Kitchen-Accessories,1,14.99,0.15,Debit Card,New York City,New York,Cancelled,3.26
TXN001913,2026-06-04,C3997,P0076,Wooden Rolling Pin,Kitchen-Accessories,1,11.99,0.3,UPI,Buffalo,New York,Processing,2.92
TXN001914,2026-06-17,C9083,P0082,New DELL XPS 13 9300 Laptop,Laptops,5,1499.99,0.28,Debit Card,New York City,New York,Delivered,2.67
TXN001915,2025-10-09,C8384,P0003,Powder Canister,Beauty,3,14.99,0.25,Net Banking,Tampa,Florida,Cancelled,4.64
TXN001916,2025-11-03,C2721,P0061,Hand Blender,Kitchen-Accessories,3,34.99,0.2,Net Banking,Miami,Florida,Processing,3.86
TXN001917,2026-07-15,C2481,P0049,Black Aluminium Cup,Kitchen-Accessories,2,-5.99,0.22,Debit Card,Miami,Florida,Cancelled,4.46
TXN001918,2026-01-18,C1431,P0019,Chicken Meat,Groceries,2,9.99,0.13,Debit Card,Rochester,New York,Delivered,3.19
TXN001919,2026-01-05,C2379,P0023,Eggs,,1,2.99,0.0,Net Banking,Orlando,Florida,Shipped,2.53
TXN001920,2026-01-22,C1427,P0011,Annibale Colombo Bed,Furniture,3,1899.99,0.08,Debit Card,Dallas,Texas,Processing,4.77
TXN001921,2026-08-28,C8365,P0043,Decoration Swing,Home-Decoration,2,59.99,0.15,PayPal,Austin,Texas,Cancelled,3.16
TXN001922,2026-01-05,C8563,P0064,Knife,,5,14.99,0.13,Debit Card,Buffalo,New York,Delivered,3.26
TXN001923,2025-11-26,C3332,P0100,Apple Airpods,Mobile-Accessories,3,129.99,0.01,PayPal,Tampa,Florida,Cancelled,4.15
TXN001924,2026-06-15,C5805,P0002,Eyeshadow Palette with Mirror,,3,19.99,0.21,Credit Card,Dallas,Texas,Processing,2.86
TXN001925,2026-07-12,C5024,P0067,Mug Tree Stand,Kitchen-Accessories,4,15.99,0.25,PayPal,Dallas,Texas,Delivered,2.64
TXN001926,2025-10-18,C8452,P0052,Carbon Steel Wok,Kitchen-Accessories,4,29.99,0.19,Net Banking,Rochester,New York,Delivered,4.05
TXN001927,2026-01-14,C1429,P0062,Ice Cube Tray,Kitchen-Accessories,5,5.99,0.26,Credit Card,San Francisco,California,Shipped,4.71
TXN001928,2026-06-05,C8001,P0097,Rolex Datejust,Mens-Watches,2,10999.99,0.23,PayPal,Los Angeles,California,Shipped,3.66
TXN001929,2026-01-03,C7319,P0097,Rolex Datejust,Mens-Watches,4,10999.99,0.26,PayPal,Austin,Texas,Shipped,3.66
TXN001930,2026-08-25,C7339,P0099,Amazon Echo Plus,Mobile-Accessories,3,99.99,0.25,PayPal,Austin,Texas,Cancelled,4.99
TXN001931,2025-10-07,C1388,P0042,Water,Groceries,5,0.99,0.24,PayPal,San Diego,California,Shipped,4.96
TXN001932,2026-04-14,C6991,P0072,Slotted Turner,Kitchen-Accessories,4,8.99,0.17,UPI,Miami,Florida,Cancelled,3.4
TXN001933,2026-03-08,C7773,P0094,Longines Master Collection,Mens-Watches,2,1499.99,0.22,UPI,Houston,Texas,Processing,3.87
TXN001934,2026-08-03,C4604,P0051,Boxed Blender,Kitchen-Accessories,2,39.99,0.11,Credit Card,Austin,Texas,Processing,4.56
TXN001935,2026-06-04,C6090,P0092,Sports Sneakers Off White Red,Mens-Shoes,1,109.99,0.11,PayPal,Houston,Texas,Cancelled,4.69
TXN001936,2026-01-08,C2609,P0032,Milk,Groceries,5,3.49,0.21,UPI,Orlando,Florida,Shipped,2.61
TXN001937,2026-07-11,C4650,P0094,Longines Master Collection,Mens-Watches,5,1499.99,0.12,Net Banking,Houston,Texas,Shipped,3.87
TXN001938,2026-03-04,C4088,P0046,Plant Pot,Home-Decoration,2,14.99,0.13,Debit Card,Los Angeles,California,Cancelled,3.01
TXN001939,2025-10-25,C8634,P0069,Plate,Kitchen-Accessories,1,3.99,0.21,Net Banking,San Diego,California,Processing,3.65
TXN001940,2026-01-06,C2722,P0031,Lemon,Groceries,1,0.79,0.26,PayPal,New York City,New York,Processing,3.53
TXN001941,2025-12-20,C4837,P0026,Green Chili Pepper,Groceries,5,0.99,0.1,UPI,San Diego,California,Cancelled,3.66
TXN001942,2026-02-09,C9600,P0080,Huawei Matebook X Pro,Laptops,5,1399.99,0.12,PayPal,Dallas,Texas,Shipped,4.98
TXN001943,2026-01-24,C4012,P0065,Lunch Box,Kitchen-Accessories,4,12.99,0.24,PayPal,Rochester,New York,Cancelled,4.93
TXN001944,2026-05-24,C6346,P0022,Dog Food,Groceries,1,10.99,0.15,Credit Card,Tampa,Florida,Delivered,4.55
TXN001945,2026-04-01,C5228,P0050,Black Whisk,Kitchen-Accessories,2,9.99,0.15,PayPal,San Francisco,California,Processing,3.9
TXN001946,2026-03-04,C7188,P0081,Lenovo Yoga 920,Laptops,5,1099.99,0.21,PayPal,Buffalo,New York,Shipped,2.86
TXN001947,2025-12-04,C8303,P0046,Plant Pot,Home-Decoration,1,14.99,0.27,Credit Card,Buffalo,New York,Processing,3.01
TXN001948,2026-07-08,C9839,P0098,Rolex Submariner Watch,Mens-Watches,2,13999.99,0.03,Net Banking,Miami,Florida,Processing,2.69
TXN001949,2026-05-14,C4195,P0056,Electric Stove,Kitchen-Accessories,5,49.99,0.17,Net Banking,Rochester,New York,Cancelled,4.11
TXN001950,2026-02-16,C2088,P0030,Kiwi,Groceries,1,2.49,0.17,Credit Card,Buffalo,New York,Shipped,4.93
TXN001951,2026-07-17,C7216,P0017,Beef Steak,Groceries,1,12.99,0.19,Net Banking,San Francisco,California,Delivered,4.47
TXN001952,2026-01-27,C4198,P0070,Red Tongs,Kitchen-Accessories,3,6.99,0.27,Debit Card,Austin,Texas,Cancelled,4.42
TXN001953,2026-01-12,C2661,P0011,Annibale Colombo Bed,Furniture,3,1899.99,0.19,PayPal,Tampa,Florida,Cancelled,4.77
TXN001954,2026-08-19,C9826,P0018,Cat Food,Groceries,3,8.99,0.27,Net Banking,Orlando,Florida,Cancelled,3.13
TXN001955,2026-06-22,C4863,P0036,Protein Powder,Groceries,1,19.99,0.22,Credit Card,Buffalo,New York,Cancelled,4.18
TXN001956,2026-02-18,C9138,P0022,Dog Food,Groceries,3,10.99,0.14,Credit Card,Houston,Texas,Delivered,4.55
TXN001957,2025-12-29,C4171,P0036,Protein Powder,Groceries,2,19.99,0.26,Credit Card,Austin,Texas,Delivered,4.18
TXN001958,2026-05-23,C4588,P0052,Carbon Steel Wok,Kitchen-Accessories,1,29.99,0.01,Debit Card,Los Angeles,California,Shipped,4.05
TXN001959,2026-09-28,C6930,P0007,Chanel Coco Noir Eau De,Fragrances,4,129.99,0.25,Debit Card,Dallas,Texas,Delivered,4.26
TXN001960,2025-10-23,C1458,P0013,Bedside Table African Cherry,Furniture,1,299.99,0.03,Net Banking,Orlando,Florida,Processing,2.87
TXN001961,2026-08-05,C7828,P0009,Dolce Shine Eau de,Fragrances,1,69.99,0.07,PayPal,Miami,Florida,Processing,3.96
TXN001962,2025-10-22,C7806,P0013,Bedside Table African Cherry,Furniture,5,299.99,0.2,PayPal,Buffalo,New York,Shipped,2.87
TXN001963,2025-12-24,C6947,P0080,Huawei Matebook X Pro,Laptops,1,1399.99,0.08,PayPal,Dallas,Texas,Delivered,4.98
TXN001964,2026-08-20,C5932,P0069,Plate,Kitchen-Accessories,2,3.99,0.25,Credit Card,San Francisco,California,Processing,3.65
TXN001965,2026-04-01,C2449,P0079,Asus Zenbook Pro Dual Screen Laptop,Laptops,4,1799.99,0.3,Debit Card,Tampa,Florida,Processing,3.95
TXN001966,2026-09-06,C3536,P0004,Red Lipstick,Beauty,3,12.99,0.09,UPI,San Diego,California,Shipped,4.36
TXN001967,2026-03-12,C3649,P0010,Gucci Bloom Eau de,Fragrances,4,79.99,0.09,Debit Card,Houston,Texas,Processing,2.74
TXN001968,2026-07-29,C7659,P0072,Slotted Turner,Kitchen-Accessories,1,8.99,0.19,Debit Card,San Francisco,California,Processing,3.4
TXN001969,2026-08-10,C2975,P0028,Ice Cream,Groceries,4,5.49,0.05,Net Banking,Los Angeles,California,Delivered,3.39
TXN001970,2026-03-23,C8693,P0025,Green Bell Pepper,Groceries,3,1.29,0.05,Credit Card,Houston,Texas,Shipped,3.25
TXN001971,2026-01-30,C6746,P0047,Table Lamp,Home-Decoration,4,49.99,0.22,Net Banking,Tampa,Florida,Cancelled,3.55
TXN001972,2026-05-08,C1869,P0058,Fork,,2,3.99,0.21,Credit Card,Los Angeles,California,Delivered,3.11
TXN001973,2026-05-08,C3228,P0052,Carbon Steel Wok,Kitchen-Accessories,3,29.99,0.0,Credit Card,Miami,Florida,Delivered,4.05
TXN001974,2026-03-28,C2541,P0004,Red Lipstick,Beauty,1,-12.99,0.16,Debit Card,New York City,New York,Processing,4.36
TXN001975,2026-02-02,C8903,P0017,Beef Steak,Groceries,3,12.99,0.14,Net Banking,Dallas,Texas,Cancelled,4.47
TXN001976,2026-02-25,C4107,P0071,Silver Pot With Glass Cap,Kitchen-Accessories,5,39.99,0.05,UPI,Austin,Texas,Processing,3.22
TXN001977,2025-11-23,C8917,P0023,Eggs,,1,2.99,0.25,PayPal,San Diego,California,Cancelled,2.53
TXN001978,2025-10-13,C9661,P0035,Potatoes,Groceries,5,2.29,0.05,Net Banking,Dallas,Texas,Delivered,4.81
TXN001979,2026-08-18,C6703,P0027,Honey Jar,Groceries,2,6.99,0.16,Credit Card,Miami,Florida,Cancelled,3.97
TXN001980,2026-09-05,C9304,P0042,Water,Groceries,2,0.99,0.29,Net Banking,San Diego,California,Cancelled,4.96
TXN001981,2026-01-12,C9507,P0054,Citrus Squeezer Yellow,Kitchen-Accessories,4,8.99,0.01,Debit Card,Rochester,New York,Processing,4.63
TXN001982,2026-08-28,C6778,P0075,Tray,Kitchen-Accessories,2,16.99,0.09,Credit Card,Austin,Texas,Shipped,4.62
TXN001983,2026-07-12,C5649,P0064,Knife,Kitchen-Accessories,3,14.99,0.0,Credit Card,Dallas,Texas,Cancelled,3.26
TXN001984,2026-05-25,C5533,P0026,Green Chili Pepper,Groceries,4,0.99,0.27,Debit Card,Austin,Texas,Delivered,3.66
TXN001985,2026-08-25,C9529,P0060,Grater Black,Kitchen-Accessories,4,10.99,0.29,Debit Card,Miami,Florida,Delivered,3.21
TXN001986,2026-06-07,C8281,P0009,Dolce Shine Eau de,Fragrances,4,69.99,0.21,Credit Card,Tampa,Florida,Shipped,3.96
TXN001987,2026-02-06,C8829,P0079,Asus Zenbook Pro Dual Screen Laptop,Laptops,1,1799.99,0.05,UPI,Orlando,Florida,Cancelled,3.95
TXN001988,2025-12-25,C5224,P0093,Brown Leather Belt Watch,Mens-Watches,1,89.99,0.18,Credit Card,Buffalo,New York,Processing,4.19
TXN001989,2026-08-23,C6108,P0058,Fork,,5,3.99,0.08,PayPal,Austin,Texas,Delivered,3.11
TXN001990,2026-09-13,C6882,P0034,Nescafe Coffee,Groceries,2,7.99,0.06,PayPal,Tampa,Florida,Cancelled,4.82
TXN001991,2026-09-26,C2901,P0020,Cooking Oil,Groceries,5,4.99,0.12,UPI,Houston,Texas,Delivered,4.8
TXN001992,2026-03-06,C4046,P0027,Honey Jar,Groceries,3,6.99,0.06,Net Banking,San Francisco,California,Cancelled,3.97
TXN001993,2026-09-10,C7955,P0051,Boxed Blender,Kitchen-Accessories,2,39.99,0.01,UPI,San Diego,California,Cancelled,4.56
TXN001994,2026-03-10,C3716,P0048,Bamboo Spatula,Kitchen-Accessories,4,7.99,0.2,Debit Card,New York City,New York,Cancelled,3.27
TXN001995,2026-02-22,C7498,P0039,Soft Drinks,Groceries,1,1.99,0.17,Credit Card,Austin,Texas,Shipped,4.75
TXN001996,2025-10-06,C4801,P0088,Nike Air Jordan 1 Red And Black,Mens-Shoes,5,149.99,0.25,Net Banking,San Diego,California,Shipped,4.77
TXN001997,2026-01-09,C8530,P0072,Slotted Turner,Kitchen-Accessories,5,8.99,0.19,Net Banking,Los Angeles,California,Shipped,3.4
TXN001998,2026-01-01,C1861,P0085,Man Plaid Shirt,Mens-Shirts,3,34.99,0.13,UPI,Houston,Texas,Cancelled,3.46
TXN001999,2026-02-26,C7583,P0012,Annibale Colombo Sofa,Furniture,3,2499.99,0.21,Debit Card,Tampa,Florida,Cancelled,3.92
TXN002000,2026-08-14,C2883,P0088,Nike Air Jordan 1 Red And Black,Mens-Shoes,3,149.99,0.29,Credit Card,Los Angeles,California,Delivered,4.77
